sampleID	ESE00019_s00022	ESE00090_SLR20	ESE00090_SLR22	ESE00090_s00154	ESE00418_SLR27	ESE00418_s00613	ESE00418_s00620	ESE01435_s00969	ESE01521_s01016	LCP05531_SLR60	LCP05531_SLR75	LCP05531_s01799	LCP3239_s01654	cluster1	cluster10	cluster11	cluster12	cluster13	cluster14	cluster15	cluster16	cluster17	cluster18	cluster19	cluster2	cluster20	cluster21	cluster22	cluster23	cluster24	cluster25	cluster26	cluster27	cluster3	cluster4	cluster5	cluster6	cluster7	cluster8	cluster9
ESE00018	0.482000	0.807000	0.867000	0.626000	1.000000	0.658000	0.998000	0.330000	0.186000	1.000000	0.348000	0.550000	0.264000	0.992286	0.636667	0.785667	0.982500	0.994833	0.364200	0.954000	0.999750	0.321250	0.736333	0.090000	0.051323	0.999000	0.677500	0.169000	0.998500	1.000000	0.578000	0.138000	0.240500	0.058917	0.986400	0.304111	0.901500	0.989625	0.882714	0.629000
ESE00019	1.000000	0.795000	0.864000	0.540000	0.972000	0.707000	0.999000	0.313000	0.278000	0.999000	0.491000	0.367000	0.208000	0.956286	0.667667	0.682667	0.977000	0.996167	0.999800	0.861250	0.991500	0.305750	0.974667	0.100000	0.051258	0.418000	0.991500	0.177500	0.653000	1.000000	0.018000	0.104000	0.280500	0.274083	0.988500	0.813333	0.931750	0.902375	0.985714	0.764333
ESE00023	0.911000	0.772000	0.826000	0.577000	1.000000	1.000000	1.000000	0.374000	0.185000	1.000000	0.519000	0.330000	0.189000	0.996657	0.942833	0.862333	0.983333	0.993167	0.857000	0.981500	0.981750	0.248000	0.746667	0.097000	0.051065	0.653000	0.784000	0.188500	0.980000	0.993000	0.448000	0.144000	0.294500	0.321083	0.964400	0.936111	0.828750	0.783375	0.918000	0.823833
ESE00079	0.506000	0.868000	0.988000	0.987000	0.714000	0.132000	0.977000	0.351000	0.161000	0.677000	0.443000	0.312000	0.991000	0.220086	0.256667	0.498667	0.591833	0.392667	0.327200	0.759250	0.817000	0.928500	0.941667	0.085000	0.033452	0.283500	0.541000	0.941500	0.519500	0.799000	0.050000	0.996000	0.379000	0.943667	0.163900	0.322444	0.368750	0.209125	0.650000	0.569167
ESE00086	0.483000	0.604000	0.853000	0.699000	1.000000	0.674000	1.000000	0.282000	0.154000	1.000000	0.371000	0.274000	0.236000	0.997543	0.432333	0.769333	0.985000	0.999500	0.969600	0.732250	0.995500	0.389000	0.652000	1.000000	0.031161	0.405000	0.649500	0.183000	0.555500	0.765000	0.024500	0.142500	0.252000	0.302667	0.163700	0.780556	0.869875	0.891625	0.361143	0.600000
ESE00087	1.000000	0.689000	0.709000	0.493000	0.962000	0.656000	0.988000	0.313000	0.295000	0.993000	0.570000	0.390000	0.220000	0.955086	0.807000	0.947167	0.748000	0.973667	0.360800	0.923000	0.944250	0.431750	0.760000	0.117000	0.994419	0.951500	0.720500	0.153000	0.635000	0.609000	0.332500	0.140000	0.218000	0.051583	0.993500	0.262111	0.905625	0.913500	0.979429	0.958167
ESE00089	1.000000	0.788000	0.843000	0.584000	1.000000	0.667000	0.996000	0.322000	0.295000	0.997000	0.594000	0.395000	0.241000	0.954543	0.808167	0.971167	0.984167	0.995000	0.362800	0.981250	0.999500	0.439500	0.779000	0.118000	0.994419	0.998500	0.821000	0.173500	0.666000	0.768000	0.374500	0.141000	0.222500	0.057500	0.993900	0.272222	0.909125	0.925375	0.995000	0.970500
ESE00090	0.052000	0.965000	0.950000	0.986000	0.690000	0.096000	0.983000	0.107000	0.097000	0.481000	0.163000	0.062000	0.092000	0.199171	0.032833	0.240333	0.361000	0.242500	0.196600	0.300750	0.680500	0.010500	0.138000	0.089000	0.019290	0.181500	0.451500	0.857000	0.069000	0.777500	0.004000	0.106000	0.044500	0.918167	0.076000	0.184222	0.077375	0.110375	0.081143	0.259667
ESE00095	0.356000	0.775000	0.804000	0.564000	1.000000	0.666000	0.999000	0.273000	0.156000	1.000000	0.356000	0.228000	0.147000	0.992400	0.626667	0.925667	0.956833	0.991167	0.387800	0.820000	0.998500	0.314500	0.671333	0.091000	0.051452	0.965000	0.467000	0.167000	0.998500	0.986000	0.548000	0.136000	0.277500	0.308083	0.961900	0.831667	0.898875	0.763125	0.844429	0.584000
ESE00120-1	1.000000	0.727000	0.770000	0.480000	0.904000	0.702000	0.999000	0.317000	0.280000	0.991000	0.521000	0.368000	0.199000	0.955486	0.779833	0.659833	0.965333	0.994833	0.999800	0.860500	0.985250	0.294250	0.971333	0.102000	0.051097	0.407500	0.887000	0.175500	0.653000	0.989500	0.017000	0.108500	0.289500	0.275500	0.988900	0.811778	0.920125	0.901875	0.974714	0.759333
ESE00125	0.492000	0.812000	0.870000	0.630000	1.000000	0.666000	0.998000	0.346000	1.000000	1.000000	0.372000	0.325000	0.223000	0.992371	0.638333	0.794000	0.983500	0.995500	0.362600	0.981250	0.999500	0.390250	0.713667	0.091000	0.055935	0.999000	0.747000	0.170500	0.998500	1.000000	0.583000	0.139000	0.282000	0.309750	0.962200	0.833333	0.862125	0.989500	0.890857	0.735167
ESE00126	0.430000	0.823000	0.876000	0.628000	1.000000	0.676000	0.998000	0.576000	0.163000	1.000000	0.448000	0.256000	0.342000	0.997486	0.887000	0.903167	0.864500	1.000000	0.930000	0.982250	0.991500	0.321500	1.000000	0.091000	1.000000	0.633500	0.648000	0.179000	0.631000	0.774000	0.459000	0.140000	0.250000	0.060167	0.986200	0.345889	0.823000	0.749250	0.944857	0.606667
ESE00137	0.434000	0.818000	0.870000	0.593000	0.990000	0.634000	0.998000	0.948000	0.166000	1.000000	0.435000	0.284000	0.195000	0.991829	0.767833	0.835333	0.789167	0.998000	0.373200	0.627500	1.000000	0.327000	0.974333	0.083000	0.033839	0.962500	0.630500	0.171500	0.568000	1.000000	0.267500	0.142000	0.185000	0.079333	0.212700	0.248000	0.892500	0.996250	0.423000	0.569500
ESE00139	0.425000	0.808000	0.865000	0.588000	1.000000	0.651000	0.996000	0.337000	0.163000	1.000000	0.392000	0.242000	0.201000	0.992771	0.840833	0.643667	0.984333	0.998833	0.286400	0.773250	0.999500	0.315500	0.975000	0.102000	0.031645	0.961000	0.624500	0.169000	0.577000	0.750500	0.272500	0.139000	0.247500	0.291167	0.270900	0.829556	0.881125	0.921625	0.403143	0.560333
ESE00151	1.000000	0.770000	0.799000	0.561000	1.000000	0.667000	0.995000	0.223000	0.294000	0.996000	0.472000	0.345000	0.228000	0.953600	0.268167	0.932333	0.962667	0.990500	0.362400	0.980000	0.980500	0.263750	0.727000	0.116000	0.994419	0.971500	0.482500	0.170500	0.649500	0.738500	0.336500	0.100500	0.271000	0.304833	0.994100	0.813111	0.831375	0.923125	0.898429	0.843500
ESE00154	0.465000	0.788000	0.843000	0.575000	0.998000	0.665000	0.999000	0.449000	0.186000	0.998000	0.483000	0.349000	0.176000	0.956943	0.314333	0.887000	0.975167	0.998333	0.320400	0.797000	0.995750	0.332750	0.645667	0.096000	0.051452	0.999000	0.815000	0.168500	0.614000	1.000000	0.514000	0.097500	0.266500	0.298167	0.962900	0.828222	0.933500	0.773000	0.899571	0.908667
ESE00155	0.242000	0.994000	0.958000	1.000000	0.711000	0.087000	0.990000	0.222000	0.125000	0.578000	0.282000	0.136000	0.154000	0.151943	0.195167	0.478333	0.644000	0.396500	0.184800	0.755250	0.827000	0.145500	0.931000	0.087000	0.025613	0.321500	0.498500	0.111500	0.325500	0.811000	0.035000	0.116500	0.435500	0.972333	0.950000	0.337444	0.544375	0.191125	0.325429	0.355667
ESE00156	0.483000	0.798000	0.849000	0.574000	1.000000	0.662000	0.995000	0.209000	0.190000	0.996000	0.462000	0.302000	0.210000	0.951257	0.263833	0.941000	0.983000	0.994833	0.360200	0.971750	0.999250	0.218250	0.700333	0.113333	0.994419	0.999000	0.475000	0.166000	0.516000	0.764500	0.356500	0.098000	0.254500	0.299750	0.993100	0.814111	0.908250	0.922750	0.902857	0.868167
ESE00157	0.491000	0.809000	0.865000	0.585000	1.000000	0.664000	0.996000	0.213000	0.191000	0.997000	0.465000	0.308000	0.225000	0.951629	0.265167	0.941000	0.983500	0.995333	0.359200	0.972500	0.999250	0.222000	0.707333	0.115000	0.994419	0.999000	0.479000	0.169000	0.527000	0.767500	0.365000	0.101500	0.258500	0.309750	0.993100	0.813778	0.909250	0.923250	0.903143	0.869500
ESE00158	0.497000	0.810000	0.870000	0.588000	1.000000	0.668000	0.996000	0.217000	0.193000	0.997000	0.468000	0.316000	0.228000	0.951800	0.267333	0.942000	0.983833	0.996000	0.365000	0.972750	0.999750	0.234500	0.708000	0.115000	0.994419	0.999000	0.480000	0.171000	0.530500	0.771500	0.375500	0.100500	0.261500	0.313917	0.993400	0.814778	0.910750	0.923625	0.904143	0.870500
ESE00159	0.497000	0.874000	1.000000	1.000000	0.731000	0.159000	0.990000	0.397000	0.168000	0.697000	0.451000	0.356000	0.999000	0.254771	0.286833	0.534333	0.624333	0.417333	0.357200	0.781500	0.847500	0.196750	0.950333	0.104000	0.038645	0.301500	0.587500	0.981500	0.550500	0.814500	0.070500	1.000000	0.426000	0.971583	0.174600	0.380111	0.362500	0.226250	0.667286	0.575667
ESE00160	1.000000	0.819000	0.879000	0.586000	1.000000	0.669000	0.996000	0.228000	0.294000	0.998000	0.474000	0.356000	0.243000	0.955629	0.272833	0.946667	0.983667	0.995667	0.362000	0.983750	1.000000	0.274750	0.733333	0.117000	0.994419	0.999000	0.487000	0.177000	0.652000	0.774000	0.383500	0.098500	0.271500	0.313417	0.994000	0.815333	0.836125	0.923375	0.900286	0.849333
ESE00207	1.000000	0.807000	0.863000	0.574000	1.000000	0.664000	0.996000	0.220000	0.294000	0.997000	0.470000	0.339000	0.228000	0.955314	0.267333	0.910333	0.983000	0.995333	0.360000	0.981750	0.999750	0.264750	0.728000	0.116000	0.994419	0.999000	0.481000	0.172000	0.650000	0.770000	0.370500	0.096000	0.269500	0.307250	0.993800	0.814111	0.832125	0.923125	0.899571	0.845000
ESE00211	1.000000	0.816000	0.870000	0.584000	1.000000	0.671000	0.995000	0.230000	0.296000	0.998000	0.476000	0.355000	0.247000	0.955200	0.276000	0.946500	0.983667	0.996167	0.362400	0.982250	0.999750	0.279500	0.732667	0.116333	0.994419	0.999000	0.486500	0.175500	0.651000	0.772000	0.392500	0.099000	0.272500	0.315417	0.994100	0.815889	0.836500	0.923625	0.900714	0.848833
ESE00230	1.000000	0.818000	0.884000	0.551000	0.978000	0.713000	0.999000	0.350000	0.282000	1.000000	0.535000	0.398000	0.236000	0.959914	0.785000	0.693500	0.978833	0.997833	0.999800	0.869000	0.992250	0.337250	0.975333	0.103000	0.052065	0.426500	0.992000	0.189000	0.670000	1.000000	0.022000	0.112000	0.292000	0.295750	0.990400	0.814444	0.944375	0.905000	0.990429	0.779167
ESE00231	1.000000	0.809000	0.879000	0.540000	0.975000	0.707000	0.999000	0.339000	0.282000	1.000000	0.526000	0.387000	0.219000	0.959086	0.783833	0.690000	0.977667	0.997667	0.999800	0.866250	0.992250	0.322000	0.974333	0.102000	0.051484	0.424000	0.992000	0.185000	0.662500	1.000000	0.020000	0.106500	0.291000	0.288083	0.988800	0.814000	0.943125	0.903875	0.989714	0.777667
ESE00232	0.580000	0.880000	1.000000	1.000000	0.734000	0.170000	0.990000	0.417000	0.173000	0.706000	0.483000	0.381000	0.999000	0.265086	0.296167	0.553833	0.626667	0.422500	0.376000	0.785500	0.851000	0.967500	0.950667	0.103333	0.038968	0.304000	0.611500	0.987500	0.570500	0.817000	0.077500	1.000000	0.432500	0.974750	0.175600	0.397111	0.434500	0.244500	0.681000	0.615333
ESE00282	0.473000	0.816000	0.877000	0.583000	1.000000	0.673000	0.996000	0.243000	0.194000	0.997000	0.472000	0.317000	0.249000	0.956371	0.286167	0.797500	0.985667	0.996833	0.370600	0.973750	0.998750	0.217250	0.709667	0.118000	0.994419	0.999000	0.488000	0.177000	0.538000	0.773000	0.404500	0.100500	0.259500	0.324500	0.994100	0.816778	0.773500	0.924000	0.907143	0.866833
ESE00283	0.532000	0.819000	0.879000	0.624000	1.000000	0.681000	0.999000	0.631000	0.236000	1.000000	0.576000	0.356000	0.323000	0.997486	0.946500	0.940833	0.994167	0.999500	0.999600	0.982250	0.992000	0.317250	1.000000	0.094000	1.000000	0.645000	0.801500	0.180000	0.678000	0.776500	0.462000	0.154000	0.262000	0.066417	0.983900	0.360000	0.788125	0.876750	0.957857	0.734667
ESE00381	0.481000	0.836000	0.887000	0.591000	1.000000	0.645000	0.996000	0.537000	0.166000	0.997000	0.322000	0.314000	0.222000	0.991543	0.468167	0.683667	0.799333	0.999167	0.294200	0.605000	1.000000	0.363000	0.983333	0.084000	0.030774	0.947500	0.657000	0.179000	0.561000	1.000000	0.286500	0.089000	0.190000	0.068917	0.205400	0.246778	0.928625	0.994375	0.331429	0.579667
ESE00389	0.445000	0.808000	0.723000	0.537000	0.978000	0.698000	0.999000	0.319000	0.176000	1.000000	0.461000	0.304000	0.188000	0.990429	0.772333	0.661500	0.985167	0.997167	0.946000	0.842750	0.991250	0.301250	0.912333	0.096000	0.051484	0.400000	0.782500	0.185500	0.589000	1.000000	0.017000	0.096500	0.274500	0.284750	0.986500	0.814000	0.883375	0.919000	0.908429	0.781333
ESE00418	0.603000	0.808000	0.867000	0.619000	1.000000	1.000000	1.000000	0.367000	0.190000	1.000000	0.579000	0.359000	0.188000	0.997543	0.928000	0.865000	0.980500	0.996000	0.459400	0.982000	0.999750	0.399750	0.772000	0.101000	0.051452	0.556000	0.821500	0.189000	0.998500	1.000000	0.362000	0.129000	0.288500	0.328667	0.992900	0.938778	0.851875	0.789750	0.939000	0.954667
ESE00553	0.523000	0.821000	0.880000	0.638000	1.000000	0.677000	0.999000	0.365000	1.000000	1.000000	0.389000	0.357000	0.245000	0.992686	0.650000	0.801500	0.984000	0.996167	0.366400	0.982500	0.999750	0.414000	0.724000	0.093000	0.065097	0.999000	0.757500	0.179500	0.999500	1.000000	0.611500	0.144000	0.289000	0.331417	0.968800	0.836667	0.868750	0.989750	0.897143	0.746333
ESE00957	0.316000	0.991000	0.988000	0.959000	0.712000	0.162000	0.990000	0.316000	0.164000	0.686000	0.306000	0.182000	0.280000	0.156571	0.215667	0.580333	0.594333	0.350167	0.222800	0.741000	0.832250	0.223000	0.946333	0.056000	0.028194	0.364500	0.505000	0.111000	0.239000	0.817500	0.034000	0.061500	0.185500	0.991500	0.148100	0.886000	0.908750	0.257875	0.396571	0.453667
ESE00958	0.338000	0.992000	0.991000	0.960000	0.712000	0.162000	0.990000	0.328000	0.170000	0.693000	0.309000	0.192000	0.287000	0.158371	0.225333	0.593000	0.602000	0.353500	0.226200	0.747000	0.847000	0.238750	0.946667	0.058000	0.028935	0.370000	0.522000	0.113500	0.243000	0.819500	0.037000	0.062500	0.192500	0.994333	0.151900	0.887667	0.911125	0.269250	0.404000	0.462667
ESE00960	0.443000	0.830000	0.884000	0.628000	0.999000	0.681000	0.999000	0.582000	0.165000	1.000000	0.455000	0.270000	0.345000	0.997571	0.889833	0.905833	0.868000	1.000000	0.933400	0.982750	0.992500	0.334000	1.000000	0.094333	1.000000	0.648500	0.655000	0.183500	0.641500	0.773500	0.480500	0.143000	0.255500	0.064250	0.987500	0.349333	0.826500	0.751125	0.946143	0.612167
ESE00961	0.407000	0.984000	0.997000	1.000000	0.710000	0.404000	0.990000	0.468000	0.148000	0.691000	0.992000	0.182000	0.315000	0.408771	0.506667	0.539167	0.755833	0.345667	0.288200	0.718250	0.831750	0.974000	0.918000	0.080000	0.025097	0.263500	0.544000	0.145000	0.501000	0.814000	0.138000	0.082500	0.327000	0.971500	0.186400	0.383667	0.305625	0.277625	0.357000	0.453000
ESE00978	0.999000	0.793000	0.855000	0.528000	0.966000	0.698000	0.999000	0.318000	0.280000	0.998000	0.524000	0.376000	0.210000	0.958971	0.779000	0.683667	0.976500	0.997333	0.999800	0.861500	0.991000	0.311500	0.687000	0.101000	0.051258	0.417500	0.991500	0.180000	0.623000	1.000000	0.017000	0.081500	0.288500	0.279917	0.989100	0.812556	0.939625	0.899875	0.984571	0.747667
ESE00993	0.488000	0.802000	0.859000	0.580000	1.000000	0.663000	0.996000	0.213000	0.193000	0.996000	0.467000	0.306000	0.220000	0.954686	0.265667	0.941000	0.983333	0.994167	0.362800	0.960000	0.999750	0.218750	0.703667	0.113000	0.994419	0.999000	0.478500	0.168500	0.532000	0.762000	0.367000	0.100500	0.258500	0.304667	0.993900	0.809889	0.909000	0.923125	0.904714	0.869333
ESE01218	0.636000	0.804000	0.860000	0.569000	0.999000	0.661000	0.996000	0.389000	0.213000	1.000000	0.445000	0.388000	0.222000	0.991857	0.578000	0.839167	0.995500	0.995833	0.385600	0.895000	0.999750	0.446250	0.717000	0.087000	0.031258	0.961000	0.839500	0.172000	0.608000	1.000000	0.578500	0.103500	0.228000	0.061167	0.965700	0.308333	0.925750	0.998250	0.462714	0.930167
ESE01261	1.000000	0.791000	0.861000	0.518000	0.969000	0.695000	0.998000	0.312000	0.270000	0.998000	0.508000	0.310000	0.182000	0.958057	0.770167	0.648500	0.965000	0.997333	0.999200	0.822250	0.991250	0.227500	0.973333	0.101333	0.053419	0.413500	0.991500	0.173500	0.645000	1.000000	0.013500	0.103000	0.284500	0.259500	0.986400	0.812222	0.560250	0.900750	0.898000	0.720833
ESE01262	0.649000	0.819000	0.874000	0.593000	0.999000	0.671000	0.995000	0.229000	0.194000	0.998000	0.521000	0.372000	0.236000	0.953857	0.311000	0.971000	0.984500	0.996000	0.361600	0.973250	1.000000	0.442250	0.760000	0.117333	0.993806	0.999000	0.500000	0.179500	0.635000	0.772000	0.389500	0.116000	0.263000	0.317833	0.994100	0.818667	0.935250	0.791250	0.910714	0.965500
ESE01384	0.581000	0.779000	0.852000	0.604000	1.000000	0.672000	1.000000	0.997000	0.186000	1.000000	0.573000	0.361000	0.251000	0.997571	0.932000	0.745000	0.984500	0.998833	0.892000	0.759500	0.994500	0.366250	1.000000	0.112667	0.033452	0.404000	0.827000	0.177000	0.579000	0.767500	0.026500	0.156500	0.219000	0.310833	0.269700	0.644778	0.922750	0.857500	0.487429	0.802000
ESE01393	0.479000	0.822000	0.872000	0.582000	1.000000	0.570000	0.999000	0.851000	1.000000	0.994000	0.292000	0.304000	0.231000	0.992143	0.595000	0.786333	0.755500	0.998667	0.293400	0.665000	0.999750	0.343250	0.497000	0.094000	0.040419	0.957500	0.658000	0.174500	0.533000	1.000000	0.260000	0.147500	0.169500	0.062750	0.199400	0.207333	0.960500	0.994875	0.361714	0.572500
ESE01397	1.000000	0.809000	0.861000	0.580000	1.000000	0.656000	0.999000	0.843000	1.000000	1.000000	0.402000	0.865000	0.329000	0.992571	0.870833	0.960833	0.955833	0.994833	0.392400	0.769250	0.999750	0.372750	0.689000	0.098000	0.043226	0.959500	0.724500	0.174000	0.598000	1.000000	0.532000	0.143000	0.264500	0.062250	0.969800	0.321556	0.925750	0.936750	0.419429	0.680500
ESE01400	1.000000	0.830000	0.887000	0.686000	1.000000	0.696000	1.000000	0.535000	0.268000	1.000000	0.342000	0.349000	0.267000	0.957914	0.321833	0.951333	0.995500	0.997333	0.442000	0.790250	0.999750	0.375750	0.679667	1.000000	0.032452	0.948500	0.693500	0.215000	0.615500	1.000000	0.591500	0.168500	0.342500	0.315333	0.888000	0.833222	0.911250	0.998500	0.358000	0.648667
ESE01413	0.666000	0.805000	0.866000	0.623000	1.000000	0.682000	1.000000	0.231000	0.207000	1.000000	0.411000	0.407000	0.271000	0.997743	0.256833	0.759833	0.986000	0.999500	0.893000	0.753250	0.995500	0.446750	0.693667	0.114333	0.031806	0.413000	0.815000	0.187500	0.585000	0.772000	0.030500	0.153500	0.255000	0.361500	0.134800	0.827000	0.887500	0.992125	0.413286	0.866500
ESE01417	0.495000	0.827000	0.879000	0.585000	1.000000	0.578000	0.999000	0.855000	1.000000	0.996000	0.301000	0.320000	0.244000	0.992200	0.601833	0.791833	0.761167	0.999333	0.294000	0.674000	1.000000	0.362000	0.506000	0.095000	0.049032	0.958500	0.667000	0.180000	0.540500	1.000000	0.270500	0.149000	0.172500	0.070500	0.205800	0.210556	0.962500	0.995375	0.369714	0.581167
ESE01435	0.609000	0.795000	0.858000	0.613000	1.000000	0.687000	1.000000	0.997000	0.185000	1.000000	0.590000	0.413000	0.240000	0.997714	0.933833	0.756167	0.798333	0.999500	0.892400	0.599500	0.995250	0.411000	1.000000	0.117000	0.033806	0.426000	0.831000	0.188500	0.603500	0.770500	0.036500	0.164500	0.249500	0.362750	0.276800	0.828000	0.926625	0.993250	0.482143	0.818333
ESE01449	0.576000	0.831000	0.882000	0.586000	1.000000	0.681000	0.999000	0.585000	0.199000	1.000000	1.000000	0.392000	0.255000	0.989400	0.426833	0.967833	0.861000	0.797500	0.390000	0.983500	1.000000	0.358750	0.974667	0.031333	0.052065	0.999000	0.818500	0.182000	0.605000	1.000000	0.603000	0.143000	0.231000	0.070000	0.970300	0.327556	0.997250	0.978000	0.929571	0.923667
ESE01521	0.510000	0.812000	0.869000	0.632000	1.000000	0.665000	0.999000	0.335000	1.000000	1.000000	0.373000	0.353000	0.238000	0.992600	0.633167	0.801000	0.983667	0.995667	0.368600	0.882750	0.998750	0.401250	0.695000	0.091000	0.065097	0.999000	0.760000	0.176500	0.999500	1.000000	0.596500	0.141000	0.246000	0.066250	0.966100	0.310667	0.913625	0.990000	0.882429	0.743500
ESE01522	1.000000	0.795000	0.856000	0.587000	1.000000	0.764000	0.998000	0.455000	0.296000	1.000000	0.562000	0.341000	0.232000	0.959343	0.978000	0.763500	0.986667	1.000000	0.976200	0.897750	0.997500	0.318750	1.000000	0.101333	1.000000	0.402000	0.786500	0.271500	0.620000	0.761500	0.037500	0.148000	0.297000	0.315833	0.973100	0.914444	0.876625	0.916375	0.911429	0.854333
ESE01527	0.481000	0.830000	0.882000	0.625000	0.996000	0.649000	0.999000	0.563000	0.167000	1.000000	0.351000	0.319000	0.217000	0.990743	0.510333	0.796667	0.961667	0.998000	0.293600	0.780250	1.000000	0.348250	0.974667	0.082667	0.031710	0.947000	0.677000	0.175500	0.584500	0.999500	0.281000	0.090500	0.253000	0.358667	0.984000	0.808778	0.977250	0.995875	0.337857	0.598833
ESE01535	0.480000	0.829000	0.877000	0.586000	1.000000	0.644000	0.996000	0.536000	0.165000	0.994000	0.323000	0.312000	0.222000	0.991486	0.468000	0.681000	0.797833	0.998667	0.292000	0.604500	0.999750	0.364750	0.983333	0.085000	0.032581	0.947500	0.655000	0.180000	0.559000	1.000000	0.283500	0.088500	0.189000	0.068250	0.205500	0.244444	0.927875	0.994500	0.327571	0.578333
ESE01543	0.512000	0.815000	0.872000	0.585000	1.000000	0.673000	0.996000	0.227000	0.194000	0.998000	0.473000	0.328000	0.236000	0.955600	0.276833	0.941000	0.983833	0.995833	0.364600	0.961750	1.000000	0.245000	0.721000	0.119000	0.994419	0.999000	0.486000	0.175500	0.535500	0.770000	0.398000	0.102500	0.263000	0.320333	0.994300	0.811000	0.912625	0.924250	0.907714	0.873500
ESE01564	0.479000	0.830000	0.876000	0.586000	1.000000	0.645000	0.996000	0.533000	0.165000	0.996000	0.322000	0.311000	0.224000	0.991486	0.466500	0.683833	0.798167	0.998667	0.294000	0.604000	0.999750	0.362000	0.983333	0.084000	0.032000	0.947000	0.655000	0.178000	0.560500	1.000000	0.284500	0.088000	0.188500	0.068250	0.205100	0.244333	0.927875	0.994250	0.328286	0.577167
ESE01567	1.000000	0.692000	0.873000	0.603000	1.000000	0.646000	0.999000	0.460000	0.268000	1.000000	0.557000	0.390000	0.215000	0.956600	0.978833	0.836500	0.986667	0.809500	0.277400	0.982250	0.999750	0.396500	0.767333	0.122000	1.000000	0.453000	0.988500	0.183500	0.657000	0.765500	0.073000	0.110500	0.284000	0.326167	0.959400	0.795444	0.903875	0.791250	0.962143	0.732167
ESE01587	0.395000	0.816000	0.879000	0.691000	1.000000	0.644000	1.000000	0.282000	0.164000	1.000000	0.341000	0.251000	0.167000	0.990400	0.642500	0.900167	0.994500	0.996000	0.318400	0.852750	0.999000	0.346750	0.657000	1.000000	0.036065	0.986000	0.656000	0.178000	0.999500	1.000000	0.584500	0.139000	0.244500	0.067250	0.950400	0.296222	0.860125	0.770750	0.532429	0.601500
ESE01589	0.388000	0.819000	0.874000	0.586000	1.000000	0.677000	0.988000	0.209000	0.164000	1.000000	0.364000	0.254000	0.166000	0.991286	0.271333	0.963000	0.995000	0.996167	0.388600	0.982500	0.999500	0.347500	0.697000	0.092000	0.053419	0.999000	0.656500	0.177500	0.626500	1.000000	0.605500	0.100500	0.277500	0.323500	0.967600	0.836667	0.918250	0.767000	0.883571	0.605833
ESE01590	0.386000	0.820000	0.876000	0.590000	1.000000	0.675000	0.988000	0.209000	0.163000	1.000000	0.364000	0.249000	0.174000	0.991343	0.272833	0.962167	0.995000	0.996333	0.388800	0.982500	1.000000	0.346000	0.699000	0.093000	0.052065	0.999000	0.656000	0.178000	0.628500	1.000000	0.604500	0.100000	0.277500	0.326583	0.967600	0.837556	0.909500	0.766750	0.879286	0.601500
ESE01592	0.569000	0.779000	0.850000	0.667000	1.000000	0.642000	1.000000	0.272000	0.216000	1.000000	0.423000	0.346000	0.181000	0.991257	0.440000	0.743333	0.985833	0.981667	0.285400	0.782500	0.994500	0.428750	0.974667	1.000000	0.031161	0.390000	0.815000	0.178000	0.586000	0.744500	0.047500	0.160000	0.187500	0.056500	0.159600	0.230667	0.901000	0.771750	0.392429	0.843833
ESE01594	0.557000	0.816000	0.878000	0.587000	1.000000	0.668000	0.996000	0.229000	0.193000	0.997000	0.459000	0.332000	0.243000	0.956286	0.272167	0.967333	0.993500	0.995667	0.388600	0.897500	1.000000	0.348750	0.668333	0.117000	0.994419	0.999000	0.808000	0.174500	0.628000	0.774500	0.392000	0.103500	0.197500	0.062583	0.993900	0.245556	0.959125	0.927250	0.905143	0.921667
ESE01607	0.394000	0.821000	0.880000	0.594000	1.000000	0.695000	0.999000	0.298000	0.163000	1.000000	0.372000	0.261000	0.181000	0.992543	0.641333	0.957667	0.993333	0.994833	0.407800	0.843750	1.000000	0.351750	0.695333	0.092000	0.053032	0.999000	0.662500	0.179000	0.999500	1.000000	0.607000	0.138000	0.285500	0.336583	0.968700	0.934222	0.913875	0.762250	0.864857	0.602333
ESE01617	0.444000	0.807000	0.839000	0.577000	0.998000	0.647000	0.996000	0.355000	0.163000	1.000000	0.329000	0.285000	0.209000	0.992457	0.633500	0.647333	0.952000	0.996167	0.268000	0.786000	0.980000	0.332750	0.974000	0.103333	0.033032	0.954000	0.634000	0.171500	0.598000	0.740500	0.274000	0.143000	0.245500	0.319583	0.202500	0.811000	0.889500	0.986375	0.423000	0.565000
ESE01619	0.574000	0.779000	0.855000	0.672000	1.000000	0.642000	1.000000	0.364000	0.293000	1.000000	0.416000	0.347000	0.167000	0.992486	0.626000	0.759000	0.778000	0.982167	0.367000	0.626250	0.994750	0.429250	0.972667	1.000000	0.032000	0.404000	0.813500	0.177500	0.562000	0.749500	0.150500	0.159000	0.195500	0.049083	0.189700	0.216889	0.905250	0.776625	0.473000	0.858167
ESE01623	0.423000	0.823000	0.873000	0.589000	1.000000	0.669000	0.999000	0.532000	0.167000	1.000000	0.366000	0.318000	0.191000	0.992914	0.626667	0.702500	0.992833	0.995500	0.315600	0.780000	0.998750	0.312750	0.621333	0.087000	0.031645	0.961500	0.658500	0.174500	0.523500	1.000000	0.385000	0.135000	0.210500	0.324750	0.221800	0.631556	0.869500	0.765750	0.399000	0.575333
ESE01635	0.620000	0.812000	0.871000	0.593000	1.000000	0.660000	0.996000	0.359000	0.213000	1.000000	0.435000	0.352000	0.205000	0.992857	0.841667	0.666333	0.987167	1.000000	0.286400	0.791750	0.999750	0.410500	0.975667	0.112000	0.033452	0.967000	0.801500	0.178000	0.622000	0.756500	0.273500	0.143000	0.251000	0.301750	0.261700	0.831889	0.879000	0.925000	0.482000	0.846833
ESE01653	0.479000	0.806000	0.855000	0.572000	0.998000	0.572000	0.999000	0.850000	1.000000	0.992000	0.296000	0.301000	0.229000	0.991971	0.595833	0.785667	0.753167	0.998500	0.291600	0.669500	0.996000	0.341000	0.498000	0.091000	0.037677	0.957500	0.658500	0.173500	0.533500	0.998000	0.260000	0.145000	0.170000	0.058083	0.198900	0.206778	0.960500	0.994875	0.362429	0.570667
ESE01661	0.055000	1.000000	1.000000	1.000000	0.703000	0.105000	0.989000	0.121000	0.097000	0.611000	0.172000	0.066000	0.102000	0.204800	0.035833	0.290833	0.421333	0.268500	0.193400	0.313750	0.831500	0.013500	0.145667	0.089000	0.019387	0.191500	0.483500	0.982500	0.069000	0.810000	0.031000	0.105500	0.047500	0.932750	0.077900	0.187333	0.080875	0.119875	0.093143	0.275000
ESE01670	0.531000	0.810000	0.861000	0.570000	1.000000	0.686000	0.996000	0.325000	0.189000	0.991000	0.346000	0.643000	0.222000	0.997457	0.641000	0.651000	0.800167	0.994000	0.999800	0.618500	0.999250	0.344000	0.982667	0.084667	0.032710	0.608500	0.684500	0.182000	0.552500	1.000000	0.055000	0.142000	0.250500	0.319167	0.186500	0.831667	0.907125	0.920875	0.420000	0.609667
ESE01696	0.513000	0.808000	0.863000	0.626000	1.000000	0.668000	0.999000	0.335000	1.000000	1.000000	0.376000	0.357000	0.240000	0.992629	0.632833	0.797667	0.983000	0.995333	0.364200	0.881500	0.998750	0.409750	0.687333	0.093667	0.064710	0.999000	0.760000	0.176500	0.999000	1.000000	0.597500	0.144000	0.246000	0.066250	0.968000	0.304667	0.914250	0.989750	0.881857	0.744000
ESE01841	0.409000	0.818000	0.876000	0.590000	1.000000	0.684000	0.999000	0.497000	0.164000	0.999000	0.348000	0.291000	0.181000	0.993086	0.611000	0.698500	0.993333	0.997000	0.335400	0.773250	0.997750	0.304000	0.621333	0.083000	0.034194	0.961000	0.658500	0.175500	0.525000	1.000000	0.383500	0.136000	0.244000	0.308167	0.196000	0.830333	0.866500	0.763625	0.402714	0.575333
ESE01892	0.462000	0.820000	0.867000	0.568000	1.000000	0.628000	0.999000	0.316000	0.148000	1.000000	0.328000	0.294000	0.220000	0.991171	0.654667	0.726667	0.708167	0.957500	0.309800	0.560250	0.996500	0.337250	0.976333	0.084667	0.033290	0.959500	0.675500	0.175500	0.522500	0.999000	0.263000	0.141000	0.270500	0.329000	0.987600	0.919000	0.975500	0.827125	0.407714	0.587667
ESE01900	0.511000	0.812000	0.872000	0.582000	1.000000	0.677000	0.996000	0.231000	0.194000	0.997000	0.472000	0.324000	0.241000	0.955629	0.276833	0.790167	0.984167	0.996667	0.365600	0.973500	0.996750	0.244500	0.719333	0.119000	0.994419	0.999000	0.486000	0.177000	0.535500	0.771000	0.403000	0.103000	0.263000	0.325333	0.994600	0.815889	0.906500	0.924250	0.907000	0.872500
ESE01960	0.611000	0.805000	0.866000	0.614000	1.000000	1.000000	1.000000	0.370000	0.191000	1.000000	0.581000	0.366000	0.192000	0.997714	0.928167	0.866500	0.980667	0.995667	0.460600	0.982500	0.998000	0.408250	0.780000	0.103000	0.052419	0.566500	0.822000	0.192500	0.999500	0.999500	0.372000	0.134000	0.292000	0.331667	0.993500	0.939444	0.853500	0.792000	0.942286	0.955000
ESE02085	0.574000	0.801000	0.859000	0.589000	1.000000	0.691000	0.999000	0.367000	0.215000	1.000000	0.385000	0.349000	0.180000	0.990800	0.596167	0.967667	0.995833	0.995833	0.416800	0.938250	0.997500	0.416750	0.676000	0.097000	0.052452	0.999000	0.759500	0.179500	0.648000	0.998000	0.598000	0.099000	0.278000	0.322750	0.968900	0.845444	0.859750	0.782000	0.894714	0.737000
ESE02102	0.469000	0.795000	0.847000	0.596000	1.000000	0.685000	1.000000	0.406000	0.307000	1.000000	0.460000	0.305000	0.172000	0.998657	0.800167	0.862333	0.970667	0.998000	0.877000	0.982500	0.969000	0.366250	0.975333	0.094000	0.051452	0.679500	0.798500	0.183500	0.998500	0.992500	0.496000	0.147000	0.269500	0.060500	0.967100	0.324667	0.873000	0.770750	0.899000	0.801500
ESE02164	0.440000	0.815000	0.875000	0.627000	1.000000	0.687000	0.999000	0.460000	0.166000	1.000000	0.460000	0.273000	0.352000	0.990486	0.937333	0.907000	0.993167	1.000000	0.933000	0.982500	0.972750	0.350250	1.000000	0.092000	1.000000	0.656500	0.656000	0.185000	0.668000	0.774500	0.490500	0.145000	0.279500	0.324917	0.988400	0.850556	0.897125	0.881500	0.947286	0.618500
ESE02184	0.578000	0.549000	0.866000	0.559000	1.000000	0.641000	0.999000	0.522000	0.169000	0.999000	0.498000	0.330000	0.161000	0.956457	0.984167	0.705833	0.986000	0.999667	0.273000	0.983000	0.993250	0.345750	0.725000	0.120000	1.000000	0.409000	0.769500	0.180000	0.511500	0.761500	0.059500	0.089500	0.218500	0.061500	0.982600	0.235778	0.740375	0.647625	0.916286	0.654833
ESE02190	0.453000	0.817000	0.875000	0.707000	1.000000	0.647000	0.999000	0.286000	0.193000	1.000000	0.482000	0.340000	0.185000	0.992286	0.490667	0.856333	0.983333	1.000000	0.297000	0.982750	0.997000	0.299750	0.749000	1.000000	1.000000	0.693000	0.799000	0.176500	0.998500	0.999000	0.505000	0.138000	0.287500	0.325417	0.988500	0.832556	0.884875	0.769000	0.916571	0.838667
FM013	0.451000	0.806000	0.721000	0.536000	0.972000	0.701000	0.999000	0.322000	0.176000	1.000000	0.463000	0.311000	0.197000	0.990429	0.772500	0.662000	0.985500	0.996833	0.946200	0.843250	0.990500	0.308750	0.913000	0.096000	0.053419	0.400000	0.784500	0.186500	0.590000	0.998500	0.018000	0.097500	0.278500	0.291917	0.988100	0.813889	0.882000	0.919375	0.910429	0.773167
LCP1920	0.936000	0.778000	0.846000	0.522000	0.958000	0.697000	0.999000	0.317000	0.279000	0.996000	0.538000	0.349000	0.185000	0.957629	0.777333	0.662833	0.975833	0.996833	0.999600	0.857250	0.990000	0.289250	0.973000	0.098000	0.051484	0.388000	0.798500	0.172000	0.559500	1.000000	0.009000	0.088000	0.274500	0.263000	0.987900	0.811111	0.931125	0.863500	0.996429	0.771667
LCP218	0.223000	0.983000	0.958000	0.627000	0.712000	0.082000	0.988000	0.297000	0.124000	0.483000	0.364000	0.123000	0.145000	0.154914	0.132667	0.405167	0.603667	0.438833	0.170000	0.702250	0.802250	0.949500	0.935667	0.045000	0.025613	0.219000	0.494500	0.101500	0.311500	0.803000	0.032000	0.074500	0.218000	0.034000	0.095400	0.175000	0.197875	0.208500	0.352143	0.378167
LCP3239	0.505000	0.882000	1.000000	1.000000	0.725000	0.139000	0.989000	0.396000	0.168000	0.671000	0.448000	0.328000	0.999000	0.232886	0.270167	0.454500	0.640833	0.412000	0.218800	0.769500	0.837750	0.955500	0.951000	0.094667	0.033806	0.278500	0.638500	0.972500	0.532000	0.809500	0.055500	0.189000	0.348000	0.966000	0.164600	0.355000	0.419750	0.228375	0.664286	0.578167
LCP4258	0.421000	0.793000	0.709000	0.525000	0.970000	0.692000	0.999000	0.296000	0.171000	1.000000	0.452000	0.281000	0.174000	0.990257	0.766667	0.651833	0.984000	0.996667	0.945600	0.833750	0.989750	0.281250	0.910000	0.096000	0.051065	0.392000	0.770500	0.175500	0.583000	1.000000	0.014000	0.095000	0.274000	0.268417	0.984200	0.812667	0.875625	0.916750	0.903714	0.763167
LCP4799	0.111000	0.990000	0.985000	1.000000	0.701000	0.030000	0.987000	0.158000	0.106000	0.352000	0.203000	0.068000	0.269000	0.122971	0.095000	0.331667	0.437167	0.223833	0.167200	0.283750	0.779500	0.967500	0.242667	0.084000	0.020548	0.295000	0.470500	0.105000	0.189500	0.790500	0.003000	0.172000	0.323500	0.969333	0.094300	0.362889	0.140750	0.168125	0.124714	0.288333
LCP4810	0.408000	0.787000	0.699000	0.513000	0.968000	0.693000	0.999000	0.509000	0.158000	0.997000	0.464000	0.277000	0.174000	0.990543	0.772500	0.657000	0.979667	0.990333	0.955000	0.822250	0.989500	0.272750	0.930000	0.094000	0.047548	0.390000	0.774000	0.174000	0.585000	1.000000	0.039000	0.105500	0.270500	0.266500	0.985600	0.812333	0.695750	0.805000	0.902714	0.761667
LCP5327	0.108000	1.000000	0.996000	1.000000	0.709000	0.085000	0.988000	0.180000	0.107000	0.602000	0.195000	0.080000	0.263000	0.191971	0.085167	0.336667	0.418333	0.322500	0.184800	0.332000	0.824750	0.965250	0.229667	0.080667	0.020000	0.376500	0.458000	0.979000	0.210500	0.803500	0.965500	0.125000	0.364000	0.915000	0.085900	0.174222	0.138375	0.159250	0.113429	0.302667
LCP5471	0.530000	1.000000	1.000000	0.975000	0.728000	0.093000	0.986000	0.313000	0.161000	0.456000	0.464000	0.319000	0.311000	0.217371	0.218833	0.438500	0.464000	0.347000	0.326600	0.468250	0.801500	0.958000	0.340667	0.072333	0.032935	0.468000	0.602000	0.971000	0.470500	0.802500	0.999000	0.200000	0.371000	0.985167	0.167700	0.389667	0.388250	0.283500	0.619286	0.616833
LCP5496	0.414000	0.817000	0.873000	0.588000	0.989000	0.640000	0.999000	0.291000	0.164000	1.000000	0.414000	0.272000	0.154000	0.991229	0.777833	0.678000	0.990000	0.996167	0.290600	0.762500	0.998500	0.329500	0.663000	0.085000	0.032677	0.961000	0.658000	0.178500	0.512000	1.000000	0.275500	0.137500	0.194000	0.064833	0.176100	0.247000	0.979500	0.754500	0.409571	0.572500
LCP5527	0.403000	0.787000	0.704000	0.549000	0.968000	0.722000	0.999000	0.292000	0.267000	0.999000	0.477000	0.268000	0.208000	0.950857	0.770833	0.651833	0.785500	0.996167	0.679400	0.670500	0.989500	0.258750	0.895333	0.183000	0.048613	0.369000	0.701500	0.176500	0.529000	1.000000	0.028500	0.125000	0.264500	0.258417	0.984000	0.812333	0.754625	0.915625	0.795286	0.682500
LCP5529T	0.475000	0.693000	0.874000	0.622000	1.000000	0.643000	0.999000	0.518000	0.165000	1.000000	0.493000	0.286000	0.203000	0.956600	0.960000	0.820667	0.985333	0.999833	0.273600	0.983000	1.000000	0.366000	0.751000	0.123667	1.000000	0.410000	0.671000	0.182000	0.515500	0.771000	0.107500	0.348500	0.315500	0.063500	0.983900	0.241222	0.902375	0.774875	0.949143	0.581667
LCP5531	0.492000	0.795000	0.854000	0.578000	0.989000	0.628000	0.998000	0.344000	0.215000	1.000000	1.000000	1.000000	0.292000	0.955543	0.851000	0.776000	0.975167	0.987000	0.270600	0.931500	0.998500	0.266500	1.000000	0.092000	1.000000	0.379000	0.812000	0.166000	0.521000	0.746000	0.050500	0.167500	1.000000	0.057250	0.953700	0.331667	0.962250	0.994125	0.995714	0.865000
LCP5630T	0.999000	0.785000	0.851000	0.517000	0.965000	0.693000	0.999000	0.298000	0.279000	0.998000	0.535000	0.351000	0.183000	0.958143	0.775833	0.663000	0.979333	0.997333	0.998800	0.852500	0.990500	0.288250	0.675000	0.098000	0.050258	0.391000	0.797000	0.172000	0.568000	1.000000	0.011000	0.097500	0.283000	0.264833	0.982600	0.811556	0.935250	0.899500	0.996429	0.778667
LCP5639	0.518000	0.817000	0.872000	0.585000	1.000000	0.677000	0.996000	0.234000	0.195000	0.997000	0.474000	0.333000	0.242000	0.955543	0.280500	0.942833	0.984167	0.996333	0.363600	0.974000	0.999750	0.252000	0.723667	0.118667	0.994419	0.999000	0.487000	0.178500	0.543000	0.774500	0.408500	0.101500	0.263500	0.327417	0.994400	0.816778	0.912500	0.924375	0.907571	0.874333
LCP584T	0.407000	0.780000	0.698000	0.509000	0.970000	0.704000	0.999000	0.500000	0.154000	0.998000	0.462000	0.278000	0.175000	0.990457	0.772000	0.655667	0.774000	0.990000	0.951600	0.656000	0.990750	0.276750	0.917333	0.092000	0.050452	0.390500	0.770000	0.178500	0.565000	1.000000	0.036500	0.105000	0.273000	0.256333	0.984900	0.812444	0.694625	0.805500	0.902857	0.760667
LCP6615	0.198000	0.877000	0.951000	1.000000	0.718000	0.089000	0.990000	0.351000	0.141000	0.685000	0.366000	0.137000	0.999000	0.164114	0.197833	0.363833	0.620667	0.302667	0.172400	0.740250	0.837500	0.960250	0.948333	0.098000	0.030290	0.214000	0.484000	0.110000	0.336500	0.807000	0.056500	0.163000	0.299500	0.971583	0.121500	0.341778	0.217125	0.153625	0.322143	0.368000
LCP6617	0.408000	0.990000	1.000000	0.618000	0.710000	0.107000	0.990000	0.116000	0.113000	0.683000	0.266000	0.325000	0.185000	0.228429	0.127000	0.429000	0.470333	0.283667	0.201800	0.405000	0.836250	0.173750	0.264000	0.009000	0.022387	0.207000	0.645500	0.980000	0.153000	0.810000	0.023500	0.167000	0.225000	0.040167	0.137000	0.134000	0.295875	0.220000	0.223286	0.495667
LCP6620	0.479000	0.808000	0.863000	0.588000	1.000000	0.677000	0.998000	0.444000	0.191000	1.000000	0.565000	0.325000	0.211000	0.957400	0.977667	0.795667	0.986333	1.000000	0.912200	0.965750	0.999250	0.199000	0.693333	0.116000	0.050484	0.389500	0.811000	0.173000	0.463000	0.757000	0.044000	0.144000	0.265000	0.311667	0.985000	0.819444	0.787375	0.994000	0.993714	0.869833
LCP6621	0.568000	0.878000	1.000000	1.000000	0.724000	0.149000	0.989000	0.381000	0.189000	0.697000	0.546000	0.386000	0.862000	0.254114	0.281667	0.540333	0.614000	0.408167	0.360400	0.772500	0.836500	0.958500	0.950000	0.097000	0.033903	0.298000	0.661000	0.977000	0.542000	0.806500	0.064000	1.000000	0.414000	0.969667	0.146300	0.370111	0.420875	0.233750	0.681286	0.672167
LCP6622	0.999000	0.785000	0.857000	0.528000	0.967000	0.697000	0.999000	0.303000	0.279000	0.998000	0.544000	0.364000	0.200000	0.958086	0.778000	0.667167	0.979667	0.997167	0.999200	0.856750	0.990750	0.299750	0.682667	0.100000	0.052452	0.396500	0.802000	0.178500	0.575000	1.000000	0.012000	0.103500	0.287000	0.274917	0.984200	0.812333	0.937625	0.901625	0.996286	0.783500
LCP6623	0.097000	1.000000	1.000000	0.602000	0.737000	0.103000	0.990000	0.280000	0.143000	0.689000	0.234000	0.112000	0.441000	0.233114	0.125833	0.411833	0.467167	0.354167	0.188000	0.355000	0.839750	0.039000	0.275667	0.039000	0.024935	0.502500	0.480500	0.985000	0.228500	0.807000	0.999000	0.090000	0.218500	0.041333	0.119200	0.128444	0.103000	0.191375	0.149571	0.310833
LCP6697	0.511000	1.000000	1.000000	1.000000	0.725000	0.188000	0.990000	0.393000	0.190000	0.701000	0.470000	0.336000	0.999000	0.250171	0.275167	0.537500	0.740833	0.412333	0.360600	0.699750	0.846750	0.962500	0.952000	0.074000	0.036677	0.299000	0.615000	0.985000	0.568500	0.807500	0.030000	0.113000	0.335500	0.957083	0.167800	0.484778	0.408625	0.300000	0.653714	0.571667
LCP6699	0.430000	0.795000	0.710000	0.534000	0.970000	0.695000	0.999000	0.306000	0.175000	1.000000	0.456000	0.292000	0.188000	0.990343	0.769000	0.656000	0.984667	0.996667	0.945600	0.836250	0.990500	0.288750	0.911000	0.096000	0.053419	0.393500	0.776000	0.179000	0.584000	1.000000	0.016000	0.096000	0.273500	0.281167	0.986100	0.813444	0.877500	0.917250	0.905857	0.767000
LCP6700	0.357000	0.999000	0.986000	0.903000	0.701000	0.385000	0.990000	0.348000	0.140000	0.676000	0.277000	0.144000	0.286000	0.368486	0.166000	0.371000	0.553500	0.190167	0.206000	0.672750	0.828000	0.966750	0.404667	0.061000	0.021484	0.397000	0.498500	0.127500	0.158000	0.805000	0.998500	0.045500	0.154500	0.968750	0.111800	0.307000	0.252000	0.190750	0.235857	0.428333
LCP6701	0.489000	0.812000	0.870000	0.581000	1.000000	0.672000	0.996000	0.212000	0.191000	0.997000	0.468000	0.310000	0.225000	0.954629	0.267167	0.941333	0.983667	0.995667	0.360000	0.961250	0.999750	0.229000	0.707000	0.115000	0.994419	0.999000	0.480000	0.170500	0.527000	0.769000	0.368500	0.100500	0.259500	0.308583	0.993800	0.810333	0.910500	0.923375	0.906143	0.870000
LCP797	0.375000	0.982000	0.997000	1.000000	0.709000	0.375000	0.989000	0.444000	0.143000	0.672000	0.991000	0.164000	0.310000	0.378143	0.490500	0.519667	0.740833	0.331667	0.281000	0.701500	0.820000	0.969000	0.909333	0.078000	0.024806	0.255500	0.516500	0.133500	0.480000	0.810000	0.129500	0.079000	0.314500	0.967167	0.177500	0.358222	0.280750	0.264250	0.340000	0.435667
LMA421	1.000000	0.784000	0.844000	0.616000	1.000000	0.789000	0.998000	0.446000	0.373000	0.999000	0.560000	0.350000	0.236000	0.959229	0.977667	0.804000	0.986333	1.000000	0.976200	0.898500	0.999000	0.292750	0.998333	0.190000	1.000000	0.392500	0.781000	0.265000	0.611000	0.752000	0.031500	0.153000	0.292500	0.294250	0.972000	0.913667	0.887375	0.987250	0.908143	0.854167
PN0144	0.597000	0.882000	1.000000	1.000000	0.736000	0.177000	0.990000	0.423000	0.177000	0.712000	0.489000	0.400000	0.999000	0.273743	0.304667	0.559167	0.633500	0.425500	0.382000	0.788000	0.855750	0.973000	0.951667	0.107000	0.039581	0.307500	0.622000	0.988500	0.580500	0.817000	0.078000	1.000000	0.449000	0.977583	0.177700	0.403444	0.452750	0.254250	0.686286	0.626667
UBOCC-A-108096	0.418000	0.795000	0.705000	0.519000	0.970000	0.710000	0.999000	0.509000	0.158000	1.000000	0.467000	0.290000	0.187000	0.990657	0.774333	0.661167	0.777000	0.990333	0.956800	0.660750	0.991250	0.286750	0.918333	0.092000	0.051065	0.393000	0.778000	0.181000	0.569500	1.000000	0.042500	0.107000	0.274000	0.270750	0.987200	0.812889	0.699750	0.807500	0.904714	0.765667
UBOCC-A-108097	1.000000	0.788000	0.856000	0.524000	0.965000	0.702000	0.998000	0.322000	0.278000	1.000000	0.518000	0.362000	0.209000	0.959229	0.780500	0.680500	0.976000	0.997000	0.999800	0.859000	0.990250	0.296000	0.973667	0.099000	0.051097	0.412000	0.991500	0.174000	0.644000	1.000000	0.017500	0.103000	0.287000	0.268000	0.987600	0.812333	0.939500	0.901000	0.988857	0.767333
UBOCC-A-112050	0.999000	0.802000	0.860000	0.588000	1.000000	0.774000	0.999000	0.470000	0.394000	0.999000	0.582000	0.791000	0.369000	0.959457	0.972000	0.818333	0.987000	1.000000	0.976200	0.903500	0.997750	0.340750	1.000000	0.100000	1.000000	0.380500	0.811000	0.274500	0.609000	0.761000	0.067500	0.153000	0.234500	0.065083	0.971700	0.265333	0.894125	0.989750	0.917857	0.848000
UBOCC-A-112053	0.515000	0.818000	0.874000	0.583000	1.000000	0.676000	0.996000	0.229000	0.195000	0.998000	0.477000	0.330000	0.243000	0.956200	0.278667	0.942667	0.984000	0.996500	0.365600	0.961500	0.999750	0.249500	0.722333	0.119667	0.994419	0.999000	0.487000	0.176500	0.541500	0.775000	0.399000	0.103000	0.264000	0.324500	0.994500	0.811444	0.913125	0.924125	0.908714	0.873000
UBOCC-A-112059	0.416000	0.823000	0.884000	0.601000	1.000000	0.691000	0.999000	0.499000	0.164000	1.000000	0.353000	0.296000	0.183000	0.993057	0.614833	0.703333	0.993333	0.997333	0.336800	0.776750	0.999750	0.310250	0.627667	0.084000	0.032387	0.961500	0.661500	0.179000	0.526000	1.000000	0.395000	0.136000	0.245000	0.310750	0.197300	0.831111	0.868750	0.764625	0.406143	0.577167
UBOCC-A-113052	0.411000	0.788000	0.704000	0.521000	0.969000	0.690000	0.999000	0.295000	0.172000	0.997000	0.451000	0.275000	0.173000	0.990229	0.767667	0.650833	0.991833	0.996333	0.945600	0.830250	0.990250	0.280750	0.908333	0.095000	0.050484	0.391000	0.773000	0.175000	0.581000	1.000000	0.014000	0.104000	0.271000	0.266667	0.979900	0.812000	0.863375	0.916625	0.902143	0.761833
UBOCC-A-113054	0.423000	0.793000	0.712000	0.528000	0.969000	0.693000	0.999000	0.296000	0.174000	1.000000	0.454000	0.284000	0.183000	0.990286	0.767833	0.653000	0.984167	0.996667	0.946600	0.833250	0.991000	0.282750	0.910000	0.094000	0.050484	0.393000	0.772500	0.175500	0.581000	1.000000	0.016000	0.094500	0.272500	0.275167	0.983700	0.812889	0.875375	0.916250	0.904429	0.764333
UBOCC-A-113056	0.413000	0.784000	0.702000	0.524000	0.965000	0.688000	0.999000	0.292000	0.168000	1.000000	0.451000	0.274000	0.170000	0.990200	0.765833	0.648667	0.983333	0.996333	0.945800	0.829750	0.990750	0.275000	0.909333	0.093000	0.050484	0.388500	0.767000	0.171500	0.576000	1.000000	0.015000	0.095000	0.267500	0.263583	0.983200	0.812222	0.872625	0.916000	0.901857	0.760167
UBOCC-A-113059	0.418000	0.793000	0.710000	0.521000	0.970000	0.695000	0.999000	0.300000	0.173000	0.998000	0.454000	0.282000	0.176000	0.990286	0.769167	0.653000	0.992167	0.996667	0.945800	0.832500	0.990500	0.285250	0.907667	0.095000	0.051065	0.392500	0.776000	0.176000	0.582500	1.000000	0.014000	0.105000	0.273500	0.271167	0.985100	0.812889	0.865750	0.916875	0.904429	0.764333
UBOCC-A-116003	0.412000	0.823000	0.877000	0.596000	1.000000	0.688000	0.999000	0.497000	0.163000	1.000000	0.351000	0.293000	0.183000	0.993000	0.613000	0.702167	0.993333	0.997333	0.336600	0.776500	0.999500	0.308500	0.623667	0.085000	0.034258	0.961500	0.660500	0.178500	0.524500	1.000000	0.393000	0.136000	0.244000	0.310500	0.196100	0.830667	0.867750	0.764125	0.403571	0.575667
