to	from	weight
LCP05531_SLR74	ESE00019_s00028	0.5740740740740741
LCP05531_SLR74	LCP06093_SLR86	0.5531914893617021
ESE00418_SLR34	LCP05531_SLR66	0.40186915887850466
ESE00019_s00037	LCP06093_s01874	0.9635036496350365
LCP05531_SLR63	ESE01543_SLR51	0.404
LCP05531_SLR63	ESE00019_SLR14	0.6022494887525562
LCP05531_SLR63	LCP06093_SLR78	0.44105263157894736
LCP05531_SLR63	ESE00418_SLR38	0.38415245737211634
LCP06093_s01882	ESE01543_SLR56	0.45185185185185184
LCP06093_s01882	LCP05531_s01802	0.5658362989323843
LCP06093_s01882	ESE00019_SLR3	0.401673640167364
LCP06093_s01882	ESE00019_SLR8	0.32644628099173556
ESE01567_s01133	ESE00019_s00033	0.9302325581395349
ESE01567_s01133	LCP05531_SLR71	0.9302325581395349
ESE01567_s01133	ESE01261_s00804	0.9302325581395349
ESE01567_s01133	LCP6622_s01953	0.9302325581395349
ESE01567_s01133	ESE00139_s00245	0.8880597014925373
ESE01567_s01133	ESE01587_s01161	0.8880597014925373
ESE01567_s01133	ESE01617_s01276	0.8880597014925373
ESE01567_s01133	ESE00125_s00183	0.8955223880597015
ESE01567_s01133	ESE00960_s00681	0.8955223880597015
ESE01567_s01133	ESE01393_s00869	0.8955223880597015
ESE01567_s01133	ESE01417_s00945	0.8955223880597015
ESE01567_s01133	ESE01521_s01009	0.8955223880597015
ESE01567_s01133	ESE01592_s01222	0.8955223880597015
ESE01567_s01133	ESE01619_s01300	0.8955223880597015
ESE01567_s01133	ESE01653_s01348	0.8955223880597015
ESE01567_s01133	ESE01892_s01423	0.8955223880597015
ESE01567_s01133	LCP5496_s01742	0.8955223880597015
ESE01567_s01133	ESE00553_s00638	0.8695652173913043
ESE01567_s01133	ESE01527_s01054	0.8695652173913043
ESE01567_s01133	ESE01696_s01387	0.8695652173913043
ESE01567_s01133	ESE00018_s00006	0.8880597014925373
ESE01567_s01133	ESE01535_s01072	0.8814814814814815
ESE01567_s01133	ESE01564_s01113	0.8814814814814815
ESE01567_s01133	ESE01623_s01314	0.8814814814814815
ESE01567_s01133	ESE01841_s01404	0.8814814814814815
ESE01567_s01133	UBOCC-A-112059_s02186	0.8814814814814815
ESE01567_s01133	UBOCC-A-116003_s02281	0.8814814814814815
ESE01567_s01133	LCP06093_SLR83	0.6090225563909775
ESE01567_s01133	ESE01218_s00785	0.8263888888888888
ESE01567_s01133	ESE01543_s01094	0.851063829787234
ESE01567_s01133	ESE02164_s01526	0.8880597014925373
ESE01567_s01133	ESE02190_s01571	0.8880597014925373
ESE01567_s01133	ESE00418_s00614	0.7142857142857143
ESE01567_s01133	ESE00418_s00615	0.7142857142857143
ESE00086_s00092	ESE00019_SLR17	0.39814814814814814
ESE00086_s00092	LCP06093_SLR81	0.39090909090909093
ESE00086_s00092	ESE00958_s00670	0.3644067796610169
ESE00086_s00092	ESE01635_s01331	0.9534883720930233
ESE00086_s00092	LMA421_s02055	0.35833333333333334
ESE00019_SLR12	LCP06093_SLR84	0.36
ESE00019_SLR10	ESE01543_SLR58	0.5209876543209877
ESE00019_SLR10	LCP06093_SLR91	0.8837920489296636
ESE00019_SLR10	ESE00418_SLR33	0.5
ESE01543_SLR51	ESE00019_SLR14	0.38395061728395063
ESE00019_s00033	LCP05531_SLR71	1.0
ESE00019_s00033	ESE01261_s00804	1.0
ESE00019_s00033	LCP6622_s01953	1.0
ESE00019_s00033	ESE00139_s00245	0.9523809523809523
ESE00019_s00033	ESE01587_s01161	0.9523809523809523
ESE00019_s00033	ESE01617_s01276	0.9523809523809523
ESE00019_s00033	ESE00125_s00183	0.9603174603174603
ESE00019_s00033	ESE00960_s00681	0.9603174603174603
ESE00019_s00033	ESE01393_s00869	0.9603174603174603
ESE00019_s00033	ESE01417_s00945	0.9603174603174603
ESE00019_s00033	ESE01521_s01009	0.9603174603174603
ESE00019_s00033	ESE01592_s01222	0.9603174603174603
ESE00019_s00033	ESE01619_s01300	0.9603174603174603
ESE00019_s00033	ESE01653_s01348	0.9603174603174603
ESE00019_s00033	ESE01892_s01423	0.9603174603174603
ESE00019_s00033	LCP5496_s01742	0.9603174603174603
ESE00019_s00033	ESE00553_s00638	0.9307692307692308
ESE00019_s00033	ESE01527_s01054	0.9307692307692308
ESE00019_s00033	ESE01696_s01387	0.9307692307692308
ESE00019_s00033	ESE00018_s00006	0.9523809523809523
ESE00019_s00033	ESE01535_s01072	0.9448818897637795
ESE00019_s00033	ESE01564_s01113	0.9448818897637795
ESE00019_s00033	ESE01623_s01314	0.9448818897637795
ESE00019_s00033	ESE01841_s01404	0.9448818897637795
ESE00019_s00033	UBOCC-A-112059_s02186	0.9448818897637795
ESE00019_s00033	UBOCC-A-116003_s02281	0.9448818897637795
ESE00019_s00033	LCP06093_SLR83	0.656
ESE00019_s00033	ESE01218_s00785	0.8823529411764706
ESE00019_s00033	ESE01543_s01094	0.9097744360902256
ESE00019_s00033	ESE02164_s01526	0.9523809523809523
ESE00019_s00033	ESE02190_s01571	0.9523809523809523
ESE00019_s00033	ESE00418_s00614	0.75625
ESE00019_s00033	ESE00418_s00615	0.75625
LCP05531_SLR71	ESE01261_s00804	1.0
LCP05531_SLR71	LCP6622_s01953	1.0
LCP05531_SLR71	ESE00139_s00245	0.9523809523809523
LCP05531_SLR71	ESE01587_s01161	0.9523809523809523
LCP05531_SLR71	ESE01617_s01276	0.9523809523809523
LCP05531_SLR71	ESE00125_s00183	0.9603174603174603
LCP05531_SLR71	ESE00960_s00681	0.9603174603174603
LCP05531_SLR71	ESE01393_s00869	0.9603174603174603
LCP05531_SLR71	ESE01417_s00945	0.9603174603174603
LCP05531_SLR71	ESE01521_s01009	0.9603174603174603
LCP05531_SLR71	ESE01592_s01222	0.9603174603174603
LCP05531_SLR71	ESE01619_s01300	0.9603174603174603
LCP05531_SLR71	ESE01653_s01348	0.9603174603174603
LCP05531_SLR71	ESE01892_s01423	0.9603174603174603
LCP05531_SLR71	LCP5496_s01742	0.9603174603174603
LCP05531_SLR71	ESE00553_s00638	0.9307692307692308
LCP05531_SLR71	ESE01527_s01054	0.9307692307692308
LCP05531_SLR71	ESE01696_s01387	0.9307692307692308
LCP05531_SLR71	ESE00018_s00006	0.9523809523809523
LCP05531_SLR71	ESE01535_s01072	0.9448818897637795
LCP05531_SLR71	ESE01564_s01113	0.9448818897637795
LCP05531_SLR71	ESE01623_s01314	0.9448818897637795
LCP05531_SLR71	ESE01841_s01404	0.9448818897637795
LCP05531_SLR71	UBOCC-A-112059_s02186	0.9448818897637795
LCP05531_SLR71	UBOCC-A-116003_s02281	0.9448818897637795
LCP05531_SLR71	LCP06093_SLR83	0.656
LCP05531_SLR71	ESE01218_s00785	0.8823529411764706
LCP05531_SLR71	ESE01543_s01094	0.9097744360902256
LCP05531_SLR71	ESE02164_s01526	0.9523809523809523
LCP05531_SLR71	ESE02190_s01571	0.9523809523809523
LCP05531_SLR71	ESE00418_s00614	0.75625
LCP05531_SLR71	ESE00418_s00615	0.75625
ESE01261_s00804	LCP6622_s01953	1.0
ESE01261_s00804	ESE00139_s00245	0.9523809523809523
ESE01261_s00804	ESE01587_s01161	0.9523809523809523
ESE01261_s00804	ESE01617_s01276	0.9523809523809523
ESE01261_s00804	ESE00125_s00183	0.9603174603174603
ESE01261_s00804	ESE00960_s00681	0.9603174603174603
ESE01261_s00804	ESE01393_s00869	0.9603174603174603
ESE01261_s00804	ESE01417_s00945	0.9603174603174603
ESE01261_s00804	ESE01521_s01009	0.9603174603174603
ESE01261_s00804	ESE01592_s01222	0.9603174603174603
ESE01261_s00804	ESE01619_s01300	0.9603174603174603
ESE01261_s00804	ESE01653_s01348	0.9603174603174603
ESE01261_s00804	ESE01892_s01423	0.9603174603174603
ESE01261_s00804	LCP5496_s01742	0.9603174603174603
ESE01261_s00804	ESE00553_s00638	0.9307692307692308
ESE01261_s00804	ESE01527_s01054	0.9307692307692308
ESE01261_s00804	ESE01696_s01387	0.9307692307692308
ESE01261_s00804	ESE00018_s00006	0.9523809523809523
ESE01261_s00804	ESE01535_s01072	0.9448818897637795
ESE01261_s00804	ESE01564_s01113	0.9448818897637795
ESE01261_s00804	ESE01623_s01314	0.9448818897637795
ESE01261_s00804	ESE01841_s01404	0.9448818897637795
ESE01261_s00804	UBOCC-A-112059_s02186	0.9448818897637795
ESE01261_s00804	UBOCC-A-116003_s02281	0.9448818897637795
ESE01261_s00804	LCP06093_SLR83	0.656
ESE01261_s00804	ESE01218_s00785	0.8823529411764706
ESE01261_s00804	ESE01543_s01094	0.9097744360902256
ESE01261_s00804	ESE02164_s01526	0.9523809523809523
ESE01261_s00804	ESE02190_s01571	0.9523809523809523
ESE01261_s00804	ESE00418_s00614	0.75625
ESE01261_s00804	ESE00418_s00615	0.75625
LCP6622_s01953	ESE00139_s00245	0.9523809523809523
LCP6622_s01953	ESE01587_s01161	0.9523809523809523
LCP6622_s01953	ESE01617_s01276	0.9523809523809523
LCP6622_s01953	ESE00125_s00183	0.9603174603174603
LCP6622_s01953	ESE00960_s00681	0.9603174603174603
LCP6622_s01953	ESE01393_s00869	0.9603174603174603
LCP6622_s01953	ESE01417_s00945	0.9603174603174603
LCP6622_s01953	ESE01521_s01009	0.9603174603174603
LCP6622_s01953	ESE01592_s01222	0.9603174603174603
LCP6622_s01953	ESE01619_s01300	0.9603174603174603
LCP6622_s01953	ESE01653_s01348	0.9603174603174603
LCP6622_s01953	ESE01892_s01423	0.9603174603174603
LCP6622_s01953	LCP5496_s01742	0.9603174603174603
LCP6622_s01953	ESE00553_s00638	0.9307692307692308
LCP6622_s01953	ESE01527_s01054	0.9307692307692308
LCP6622_s01953	ESE01696_s01387	0.9307692307692308
LCP6622_s01953	ESE00018_s00006	0.9523809523809523
LCP6622_s01953	ESE01535_s01072	0.9448818897637795
LCP6622_s01953	ESE01564_s01113	0.9448818897637795
LCP6622_s01953	ESE01623_s01314	0.9448818897637795
LCP6622_s01953	ESE01841_s01404	0.9448818897637795
LCP6622_s01953	UBOCC-A-112059_s02186	0.9448818897637795
LCP6622_s01953	UBOCC-A-116003_s02281	0.9448818897637795
LCP6622_s01953	LCP06093_SLR83	0.656
LCP6622_s01953	ESE01218_s00785	0.8823529411764706
LCP6622_s01953	ESE01543_s01094	0.9097744360902256
LCP6622_s01953	ESE02164_s01526	0.9523809523809523
LCP6622_s01953	ESE02190_s01571	0.9523809523809523
LCP6622_s01953	ESE00418_s00614	0.75625
LCP6622_s01953	ESE00418_s00615	0.75625
ESE01543_SLR55	ESE00418_SLR41	0.37037037037037035
ESE00139_s00245	ESE01587_s01161	1.0
ESE00139_s00245	ESE01617_s01276	1.0
ESE00139_s00245	ESE00125_s00183	0.9920634920634921
ESE00139_s00245	ESE00960_s00681	0.9920634920634921
ESE00139_s00245	ESE01393_s00869	0.9920634920634921
ESE00139_s00245	ESE01417_s00945	0.9920634920634921
ESE00139_s00245	ESE01521_s01009	0.9920634920634921
ESE00139_s00245	ESE01592_s01222	0.9920634920634921
ESE00139_s00245	ESE01619_s01300	0.9920634920634921
ESE00139_s00245	ESE01653_s01348	0.9920634920634921
ESE00139_s00245	ESE01892_s01423	0.9920634920634921
ESE00139_s00245	LCP5496_s01742	0.9920634920634921
ESE00139_s00245	ESE00553_s00638	0.9615384615384616
ESE00139_s00245	ESE01527_s01054	0.9615384615384616
ESE00139_s00245	ESE01696_s01387	0.9615384615384616
ESE00139_s00245	ESE00018_s00006	0.9841269841269841
ESE00139_s00245	ESE01535_s01072	0.9920634920634921
ESE00139_s00245	ESE01564_s01113	0.9920634920634921
ESE00139_s00245	ESE01623_s01314	0.9920634920634921
ESE00139_s00245	ESE01841_s01404	0.9920634920634921
ESE00139_s00245	UBOCC-A-112059_s02186	0.9920634920634921
ESE00139_s00245	UBOCC-A-116003_s02281	0.9920634920634921
ESE00139_s00245	LCP06093_SLR83	0.6230769230769231
ESE00139_s00245	ESE01218_s00785	0.9259259259259259
ESE00139_s00245	ESE01543_s01094	0.8695652173913043
ESE00139_s00245	ESE02164_s01526	0.9841269841269841
ESE00139_s00245	ESE02190_s01571	0.9841269841269841
ESE00139_s00245	ESE00418_s00614	0.78125
ESE00139_s00245	ESE00418_s00615	0.78125
ESE01587_s01161	ESE01617_s01276	1.0
ESE01587_s01161	ESE00125_s00183	0.9920634920634921
ESE01587_s01161	ESE00960_s00681	0.9920634920634921
ESE01587_s01161	ESE01393_s00869	0.9920634920634921
ESE01587_s01161	ESE01417_s00945	0.9920634920634921
ESE01587_s01161	ESE01521_s01009	0.9920634920634921
ESE01587_s01161	ESE01592_s01222	0.9920634920634921
ESE01587_s01161	ESE01619_s01300	0.9920634920634921
ESE01587_s01161	ESE01653_s01348	0.9920634920634921
ESE01587_s01161	ESE01892_s01423	0.9920634920634921
ESE01587_s01161	LCP5496_s01742	0.9920634920634921
ESE01587_s01161	ESE00553_s00638	0.9615384615384616
ESE01587_s01161	ESE01527_s01054	0.9615384615384616
ESE01587_s01161	ESE01696_s01387	0.9615384615384616
ESE01587_s01161	ESE00018_s00006	0.9841269841269841
ESE01587_s01161	ESE01535_s01072	0.9920634920634921
ESE01587_s01161	ESE01564_s01113	0.9920634920634921
ESE01587_s01161	ESE01623_s01314	0.9920634920634921
ESE01587_s01161	ESE01841_s01404	0.9920634920634921
ESE01587_s01161	UBOCC-A-112059_s02186	0.9920634920634921
ESE01587_s01161	UBOCC-A-116003_s02281	0.9920634920634921
ESE01587_s01161	LCP06093_SLR83	0.6230769230769231
ESE01587_s01161	ESE01218_s00785	0.9259259259259259
ESE01587_s01161	ESE01543_s01094	0.8695652173913043
ESE01587_s01161	ESE02164_s01526	0.9841269841269841
ESE01587_s01161	ESE02190_s01571	0.9841269841269841
ESE01587_s01161	ESE00418_s00614	0.78125
ESE01587_s01161	ESE00418_s00615	0.78125
ESE01617_s01276	ESE00125_s00183	0.9920634920634921
ESE01617_s01276	ESE00960_s00681	0.9920634920634921
ESE01617_s01276	ESE01393_s00869	0.9920634920634921
ESE01617_s01276	ESE01417_s00945	0.9920634920634921
ESE01617_s01276	ESE01521_s01009	0.9920634920634921
ESE01617_s01276	ESE01592_s01222	0.9920634920634921
ESE01617_s01276	ESE01619_s01300	0.9920634920634921
ESE01617_s01276	ESE01653_s01348	0.9920634920634921
ESE01617_s01276	ESE01892_s01423	0.9920634920634921
ESE01617_s01276	LCP5496_s01742	0.9920634920634921
ESE01617_s01276	ESE00553_s00638	0.9615384615384616
ESE01617_s01276	ESE01527_s01054	0.9615384615384616
ESE01617_s01276	ESE01696_s01387	0.9615384615384616
ESE01617_s01276	ESE00018_s00006	0.9841269841269841
ESE01617_s01276	ESE01535_s01072	0.9920634920634921
ESE01617_s01276	ESE01564_s01113	0.9920634920634921
ESE01617_s01276	ESE01623_s01314	0.9920634920634921
ESE01617_s01276	ESE01841_s01404	0.9920634920634921
ESE01617_s01276	UBOCC-A-112059_s02186	0.9920634920634921
ESE01617_s01276	UBOCC-A-116003_s02281	0.9920634920634921
ESE01617_s01276	LCP06093_SLR83	0.6230769230769231
ESE01617_s01276	ESE01218_s00785	0.9259259259259259
ESE01617_s01276	ESE01543_s01094	0.8695652173913043
ESE01617_s01276	ESE02164_s01526	0.9841269841269841
ESE01617_s01276	ESE02190_s01571	0.9841269841269841
ESE01617_s01276	ESE00418_s00614	0.78125
ESE01617_s01276	ESE00418_s00615	0.78125
ESE00418_s00621	ESE01587_s01167	1.0
ESE00125_s00183	ESE00960_s00681	1.0
ESE00125_s00183	ESE01393_s00869	1.0
ESE00125_s00183	ESE01417_s00945	1.0
ESE00125_s00183	ESE01521_s01009	1.0
ESE00125_s00183	ESE01592_s01222	1.0
ESE00125_s00183	ESE01619_s01300	1.0
ESE00125_s00183	ESE01653_s01348	1.0
ESE00125_s00183	ESE01892_s01423	1.0
ESE00125_s00183	LCP5496_s01742	1.0
ESE00125_s00183	ESE00553_s00638	0.9692307692307692
ESE00125_s00183	ESE01527_s01054	0.9692307692307692
ESE00125_s00183	ESE01696_s01387	0.9692307692307692
ESE00125_s00183	ESE00018_s00006	0.9920634920634921
ESE00125_s00183	ESE01535_s01072	0.984251968503937
ESE00125_s00183	ESE01564_s01113	0.984251968503937
ESE00125_s00183	ESE01623_s01314	0.984251968503937
ESE00125_s00183	ESE01841_s01404	0.984251968503937
ESE00125_s00183	UBOCC-A-112059_s02186	0.984251968503937
ESE00125_s00183	UBOCC-A-116003_s02281	0.984251968503937
ESE00125_s00183	LCP06093_SLR83	0.6307692307692307
ESE00125_s00183	ESE01218_s00785	0.9191176470588235
ESE00125_s00183	ESE01543_s01094	0.8768115942028986
ESE00125_s00183	ESE02164_s01526	0.9920634920634921
ESE00125_s00183	ESE02190_s01571	0.9920634920634921
ESE00125_s00183	ESE00418_s00614	0.7875
ESE00125_s00183	ESE00418_s00615	0.7875
ESE00960_s00681	ESE01393_s00869	1.0
ESE00960_s00681	ESE01417_s00945	1.0
ESE00960_s00681	ESE01521_s01009	1.0
ESE00960_s00681	ESE01592_s01222	1.0
ESE00960_s00681	ESE01619_s01300	1.0
ESE00960_s00681	ESE01653_s01348	1.0
ESE00960_s00681	ESE01892_s01423	1.0
ESE00960_s00681	LCP5496_s01742	1.0
ESE00960_s00681	ESE00553_s00638	0.9692307692307692
ESE00960_s00681	ESE01527_s01054	0.9692307692307692
ESE00960_s00681	ESE01696_s01387	0.9692307692307692
ESE00960_s00681	ESE00018_s00006	0.9920634920634921
ESE00960_s00681	ESE01535_s01072	0.984251968503937
ESE00960_s00681	ESE01564_s01113	0.984251968503937
ESE00960_s00681	ESE01623_s01314	0.984251968503937
ESE00960_s00681	ESE01841_s01404	0.984251968503937
ESE00960_s00681	UBOCC-A-112059_s02186	0.984251968503937
ESE00960_s00681	UBOCC-A-116003_s02281	0.984251968503937
ESE00960_s00681	LCP06093_SLR83	0.6307692307692307
ESE00960_s00681	ESE01218_s00785	0.9191176470588235
ESE00960_s00681	ESE01543_s01094	0.8768115942028986
ESE00960_s00681	ESE02164_s01526	0.9920634920634921
ESE00960_s00681	ESE02190_s01571	0.9920634920634921
ESE00960_s00681	ESE00418_s00614	0.7875
ESE00960_s00681	ESE00418_s00615	0.7875
ESE01393_s00869	ESE01417_s00945	1.0
ESE01393_s00869	ESE01521_s01009	1.0
ESE01393_s00869	ESE01592_s01222	1.0
ESE01393_s00869	ESE01619_s01300	1.0
ESE01393_s00869	ESE01653_s01348	1.0
ESE01393_s00869	ESE01892_s01423	1.0
ESE01393_s00869	LCP5496_s01742	1.0
ESE01393_s00869	ESE00553_s00638	0.9692307692307692
ESE01393_s00869	ESE01527_s01054	0.9692307692307692
ESE01393_s00869	ESE01696_s01387	0.9692307692307692
ESE01393_s00869	ESE00018_s00006	0.9920634920634921
ESE01393_s00869	ESE01535_s01072	0.984251968503937
ESE01393_s00869	ESE01564_s01113	0.984251968503937
ESE01393_s00869	ESE01623_s01314	0.984251968503937
ESE01393_s00869	ESE01841_s01404	0.984251968503937
ESE01393_s00869	UBOCC-A-112059_s02186	0.984251968503937
ESE01393_s00869	UBOCC-A-116003_s02281	0.984251968503937
ESE01393_s00869	LCP06093_SLR83	0.6307692307692307
ESE01393_s00869	ESE01218_s00785	0.9191176470588235
ESE01393_s00869	ESE01543_s01094	0.8768115942028986
ESE01393_s00869	ESE02164_s01526	0.9920634920634921
ESE01393_s00869	ESE02190_s01571	0.9920634920634921
ESE01393_s00869	ESE00418_s00614	0.7875
ESE01393_s00869	ESE00418_s00615	0.7875
ESE01417_s00945	ESE01521_s01009	1.0
ESE01417_s00945	ESE01592_s01222	1.0
ESE01417_s00945	ESE01619_s01300	1.0
ESE01417_s00945	ESE01653_s01348	1.0
ESE01417_s00945	ESE01892_s01423	1.0
ESE01417_s00945	LCP5496_s01742	1.0
ESE01417_s00945	ESE00553_s00638	0.9692307692307692
ESE01417_s00945	ESE01527_s01054	0.9692307692307692
ESE01417_s00945	ESE01696_s01387	0.9692307692307692
ESE01417_s00945	ESE00018_s00006	0.9920634920634921
ESE01417_s00945	ESE01535_s01072	0.984251968503937
ESE01417_s00945	ESE01564_s01113	0.984251968503937
ESE01417_s00945	ESE01623_s01314	0.984251968503937
ESE01417_s00945	ESE01841_s01404	0.984251968503937
ESE01417_s00945	UBOCC-A-112059_s02186	0.984251968503937
ESE01417_s00945	UBOCC-A-116003_s02281	0.984251968503937
ESE01417_s00945	LCP06093_SLR83	0.6307692307692307
ESE01417_s00945	ESE01218_s00785	0.9191176470588235
ESE01417_s00945	ESE01543_s01094	0.8768115942028986
ESE01417_s00945	ESE02164_s01526	0.9920634920634921
ESE01417_s00945	ESE02190_s01571	0.9920634920634921
ESE01417_s00945	ESE00418_s00614	0.7875
ESE01417_s00945	ESE00418_s00615	0.7875
ESE01521_s01009	ESE01592_s01222	1.0
ESE01521_s01009	ESE01619_s01300	1.0
ESE01521_s01009	ESE01653_s01348	1.0
ESE01521_s01009	ESE01892_s01423	1.0
ESE01521_s01009	LCP5496_s01742	1.0
ESE01521_s01009	ESE00553_s00638	0.9692307692307692
ESE01521_s01009	ESE01527_s01054	0.9692307692307692
ESE01521_s01009	ESE01696_s01387	0.9692307692307692
ESE01521_s01009	ESE00018_s00006	0.9920634920634921
ESE01521_s01009	ESE01535_s01072	0.984251968503937
ESE01521_s01009	ESE01564_s01113	0.984251968503937
ESE01521_s01009	ESE01623_s01314	0.984251968503937
ESE01521_s01009	ESE01841_s01404	0.984251968503937
ESE01521_s01009	UBOCC-A-112059_s02186	0.984251968503937
ESE01521_s01009	UBOCC-A-116003_s02281	0.984251968503937
ESE01521_s01009	LCP06093_SLR83	0.6307692307692307
ESE01521_s01009	ESE01218_s00785	0.9191176470588235
ESE01521_s01009	ESE01543_s01094	0.8768115942028986
ESE01521_s01009	ESE02164_s01526	0.9920634920634921
ESE01521_s01009	ESE02190_s01571	0.9920634920634921
ESE01521_s01009	ESE00418_s00614	0.7875
ESE01521_s01009	ESE00418_s00615	0.7875
ESE01592_s01222	ESE01619_s01300	1.0
ESE01592_s01222	ESE01653_s01348	1.0
ESE01592_s01222	ESE01892_s01423	1.0
ESE01592_s01222	LCP5496_s01742	1.0
ESE01592_s01222	ESE00553_s00638	0.9692307692307692
ESE01592_s01222	ESE01527_s01054	0.9692307692307692
ESE01592_s01222	ESE01696_s01387	0.9692307692307692
ESE01592_s01222	ESE00018_s00006	0.9920634920634921
ESE01592_s01222	ESE01535_s01072	0.984251968503937
ESE01592_s01222	ESE01564_s01113	0.984251968503937
ESE01592_s01222	ESE01623_s01314	0.984251968503937
ESE01592_s01222	ESE01841_s01404	0.984251968503937
ESE01592_s01222	UBOCC-A-112059_s02186	0.984251968503937
ESE01592_s01222	UBOCC-A-116003_s02281	0.984251968503937
ESE01592_s01222	LCP06093_SLR83	0.6307692307692307
ESE01592_s01222	ESE01218_s00785	0.9191176470588235
ESE01592_s01222	ESE01543_s01094	0.8768115942028986
ESE01592_s01222	ESE02164_s01526	0.9920634920634921
ESE01592_s01222	ESE02190_s01571	0.9920634920634921
ESE01592_s01222	ESE00418_s00614	0.7875
ESE01592_s01222	ESE00418_s00615	0.7875
ESE01619_s01300	ESE01653_s01348	1.0
ESE01619_s01300	ESE01892_s01423	1.0
ESE01619_s01300	LCP5496_s01742	1.0
ESE01619_s01300	ESE00553_s00638	0.9692307692307692
ESE01619_s01300	ESE01527_s01054	0.9692307692307692
ESE01619_s01300	ESE01696_s01387	0.9692307692307692
ESE01619_s01300	ESE00018_s00006	0.9920634920634921
ESE01619_s01300	ESE01535_s01072	0.984251968503937
ESE01619_s01300	ESE01564_s01113	0.984251968503937
ESE01619_s01300	ESE01623_s01314	0.984251968503937
ESE01619_s01300	ESE01841_s01404	0.984251968503937
ESE01619_s01300	UBOCC-A-112059_s02186	0.984251968503937
ESE01619_s01300	UBOCC-A-116003_s02281	0.984251968503937
ESE01619_s01300	LCP06093_SLR83	0.6307692307692307
ESE01619_s01300	ESE01218_s00785	0.9191176470588235
ESE01619_s01300	ESE01543_s01094	0.8768115942028986
ESE01619_s01300	ESE02164_s01526	0.9920634920634921
ESE01619_s01300	ESE02190_s01571	0.9920634920634921
ESE01619_s01300	ESE00418_s00614	0.7875
ESE01619_s01300	ESE00418_s00615	0.7875
ESE01653_s01348	ESE01892_s01423	1.0
ESE01653_s01348	LCP5496_s01742	1.0
ESE01653_s01348	ESE00553_s00638	0.9692307692307692
ESE01653_s01348	ESE01527_s01054	0.9692307692307692
ESE01653_s01348	ESE01696_s01387	0.9692307692307692
ESE01653_s01348	ESE00018_s00006	0.9920634920634921
ESE01653_s01348	ESE01535_s01072	0.984251968503937
ESE01653_s01348	ESE01564_s01113	0.984251968503937
ESE01653_s01348	ESE01623_s01314	0.984251968503937
ESE01653_s01348	ESE01841_s01404	0.984251968503937
ESE01653_s01348	UBOCC-A-112059_s02186	0.984251968503937
ESE01653_s01348	UBOCC-A-116003_s02281	0.984251968503937
ESE01653_s01348	LCP06093_SLR83	0.6307692307692307
ESE01653_s01348	ESE01218_s00785	0.9191176470588235
ESE01653_s01348	ESE01543_s01094	0.8768115942028986
ESE01653_s01348	ESE02164_s01526	0.9920634920634921
ESE01653_s01348	ESE02190_s01571	0.9920634920634921
ESE01653_s01348	ESE00418_s00614	0.7875
ESE01653_s01348	ESE00418_s00615	0.7875
ESE01892_s01423	LCP5496_s01742	1.0
ESE01892_s01423	ESE00553_s00638	0.9692307692307692
ESE01892_s01423	ESE01527_s01054	0.9692307692307692
ESE01892_s01423	ESE01696_s01387	0.9692307692307692
ESE01892_s01423	ESE00018_s00006	0.9920634920634921
ESE01892_s01423	ESE01535_s01072	0.984251968503937
ESE01892_s01423	ESE01564_s01113	0.984251968503937
ESE01892_s01423	ESE01623_s01314	0.984251968503937
ESE01892_s01423	ESE01841_s01404	0.984251968503937
ESE01892_s01423	UBOCC-A-112059_s02186	0.984251968503937
ESE01892_s01423	UBOCC-A-116003_s02281	0.984251968503937
ESE01892_s01423	LCP06093_SLR83	0.6307692307692307
ESE01892_s01423	ESE01218_s00785	0.9191176470588235
ESE01892_s01423	ESE01543_s01094	0.8768115942028986
ESE01892_s01423	ESE02164_s01526	0.9920634920634921
ESE01892_s01423	ESE02190_s01571	0.9920634920634921
ESE01892_s01423	ESE00418_s00614	0.7875
ESE01892_s01423	ESE00418_s00615	0.7875
LCP5496_s01742	ESE00553_s00638	0.9692307692307692
LCP5496_s01742	ESE01527_s01054	0.9692307692307692
LCP5496_s01742	ESE01696_s01387	0.9692307692307692
LCP5496_s01742	ESE00018_s00006	0.9920634920634921
LCP5496_s01742	ESE01535_s01072	0.984251968503937
LCP5496_s01742	ESE01564_s01113	0.984251968503937
LCP5496_s01742	ESE01623_s01314	0.984251968503937
LCP5496_s01742	ESE01841_s01404	0.984251968503937
LCP5496_s01742	UBOCC-A-112059_s02186	0.984251968503937
LCP5496_s01742	UBOCC-A-116003_s02281	0.984251968503937
LCP5496_s01742	LCP06093_SLR83	0.6307692307692307
LCP5496_s01742	ESE01218_s00785	0.9191176470588235
LCP5496_s01742	ESE01543_s01094	0.8768115942028986
LCP5496_s01742	ESE02164_s01526	0.9920634920634921
LCP5496_s01742	ESE02190_s01571	0.9920634920634921
LCP5496_s01742	ESE00418_s00614	0.7875
LCP5496_s01742	ESE00418_s00615	0.7875
ESE01543_SLR59	ESE00019_SLR11	0.6336633663366337
ESE01543_SLR59	LCP06093_SLR90	0.5257731958762887
ESE01543_SLR59	LCP05531_SLR72	0.8941176470588236
ESE01543_SLR59	ESE00418_SLR35	0.9132947976878613
ESE00553_s00638	ESE01527_s01054	1.0
ESE00553_s00638	ESE01696_s01387	1.0
ESE00553_s00638	ESE00018_s00006	0.9615384615384616
ESE00553_s00638	ESE01535_s01072	0.9541984732824428
ESE00553_s00638	ESE01564_s01113	0.9541984732824428
ESE00553_s00638	ESE01623_s01314	0.9541984732824428
ESE00553_s00638	ESE01841_s01404	0.9541984732824428
ESE00553_s00638	UBOCC-A-112059_s02186	0.9541984732824428
ESE00553_s00638	UBOCC-A-116003_s02281	0.9541984732824428
ESE00553_s00638	LCP06093_SLR83	0.6119402985074627
ESE00553_s00638	ESE01218_s00785	0.8928571428571429
ESE00553_s00638	ESE01543_s01094	0.852112676056338
ESE00553_s00638	ESE02164_s01526	0.9615384615384616
ESE00553_s00638	ESE02190_s01571	0.9615384615384616
ESE00553_s00638	ESE00418_s00614	0.7682926829268293
ESE00553_s00638	ESE00418_s00615	0.7682926829268293
ESE01527_s01054	ESE01696_s01387	1.0
ESE01527_s01054	ESE00018_s00006	0.9615384615384616
ESE01527_s01054	ESE01535_s01072	0.9541984732824428
ESE01527_s01054	ESE01564_s01113	0.9541984732824428
ESE01527_s01054	ESE01623_s01314	0.9541984732824428
ESE01527_s01054	ESE01841_s01404	0.9541984732824428
ESE01527_s01054	UBOCC-A-112059_s02186	0.9541984732824428
ESE01527_s01054	UBOCC-A-116003_s02281	0.9541984732824428
ESE01527_s01054	LCP06093_SLR83	0.6119402985074627
ESE01527_s01054	ESE01218_s00785	0.8928571428571429
ESE01527_s01054	ESE01543_s01094	0.852112676056338
ESE01527_s01054	ESE02164_s01526	0.9615384615384616
ESE01527_s01054	ESE02190_s01571	0.9615384615384616
ESE01527_s01054	ESE00418_s00614	0.7682926829268293
ESE01527_s01054	ESE00418_s00615	0.7682926829268293
ESE01696_s01387	ESE00018_s00006	0.9615384615384616
ESE01696_s01387	ESE01535_s01072	0.9541984732824428
ESE01696_s01387	ESE01564_s01113	0.9541984732824428
ESE01696_s01387	ESE01623_s01314	0.9541984732824428
ESE01696_s01387	ESE01841_s01404	0.9541984732824428
ESE01696_s01387	UBOCC-A-112059_s02186	0.9541984732824428
ESE01696_s01387	UBOCC-A-116003_s02281	0.9541984732824428
ESE01696_s01387	LCP06093_SLR83	0.6119402985074627
ESE01696_s01387	ESE01218_s00785	0.8928571428571429
ESE01696_s01387	ESE01543_s01094	0.852112676056338
ESE01696_s01387	ESE02164_s01526	0.9615384615384616
ESE01696_s01387	ESE02190_s01571	0.9615384615384616
ESE01696_s01387	ESE00418_s00614	0.7682926829268293
ESE01696_s01387	ESE00418_s00615	0.7682926829268293
ESE01543_SLR56	ESE00418_SLR28	0.3248407643312102
ESE01543_SLR56	LCP05531_s01802	0.6558139534883721
ESE01543_SLR56	ESE00019_SLR3	0.3791208791208791
ESE01543_SLR56	ESE00019_SLR8	0.3699421965317919
LCP06093_SLR89	ESE00019_SLR6	0.9401709401709402
LCP06093_SLR89	LCP05531_s01800	0.4862204724409449
ESE00019_SLR1	ESE00418_SLR37	0.8545454545454545
ESE00019_s00028	LCP06093_SLR86	0.5777777777777777
ESE00019_s00021	ESE00418_s00607	1.0
ESE00019_s00021	LCP05531_s01808	0.8444444444444444
ESE00019_s00021	ESE01543_SLR54_2	0.5789473684210527
ESE00418_s00607	LCP05531_s01808	0.8444444444444444
ESE00418_s00607	ESE01543_SLR54_2	0.5789473684210527
ESE00418_SLR28	ESE00418_SLR41	0.3333333333333333
ESE00418_SLR28	ESE00019_SLR3	0.51
ESE00418_SLR28	ESE00019_SLR9	0.6
ESE00418_SLR28	ESE00019_SLR8	0.5747126436781609
ESE00018_s00006	ESE01535_s01072	0.9763779527559056
ESE00018_s00006	ESE01564_s01113	0.9763779527559056
ESE00018_s00006	ESE01623_s01314	0.9763779527559056
ESE00018_s00006	ESE01841_s01404	0.9763779527559056
ESE00018_s00006	UBOCC-A-112059_s02186	0.9763779527559056
ESE00018_s00006	UBOCC-A-116003_s02281	0.9763779527559056
ESE00018_s00006	LCP06093_SLR83	0.6356589147286822
ESE00018_s00006	ESE01218_s00785	0.9117647058823529
ESE00018_s00006	ESE01543_s01094	0.8695652173913043
ESE00018_s00006	ESE02164_s01526	0.9841269841269841
ESE00018_s00006	ESE02190_s01571	0.9841269841269841
ESE00018_s00006	ESE00418_s00614	0.78125
ESE00018_s00006	ESE00418_s00615	0.78125
ESE00019_SLR11	LCP06093_SLR90	0.7710843373493976
ESE00019_SLR11	LCP05531_SLR72	0.6580310880829016
ESE00019_SLR11	ESE00418_SLR35	0.6368159203980099
LCP06093_SLR85	ESE00019_SLR5	0.7062937062937062
LCP06093_SLR85	ESE00230_s00456	0.40601503759398494
LCP06093_SLR85	ESE00231_s00482	0.40601503759398494
LCP06093_SLR85	ESE01261_s00814	0.40601503759398494
ESE00418_SLR36	LCP05531_SLR69	0.8135593220338984
ESE00418_SLR36	ESE01543_SLR49	0.9152542372881356
ESE01535_s01072	ESE01564_s01113	1.0
ESE01535_s01072	ESE01623_s01314	1.0
ESE01535_s01072	ESE01841_s01404	1.0
ESE01535_s01072	UBOCC-A-112059_s02186	1.0
ESE01535_s01072	UBOCC-A-116003_s02281	1.0
ESE01535_s01072	LCP06093_SLR83	0.6183206106870229
ESE01535_s01072	ESE01218_s00785	0.9191176470588235
ESE01535_s01072	ESE01543_s01094	0.8633093525179856
ESE01535_s01072	ESE02164_s01526	0.9763779527559056
ESE01535_s01072	ESE02190_s01571	0.9763779527559056
ESE01535_s01072	ESE00418_s00614	0.7763975155279503
ESE01535_s01072	ESE00418_s00615	0.7763975155279503
ESE01564_s01113	ESE01623_s01314	1.0
ESE01564_s01113	ESE01841_s01404	1.0
ESE01564_s01113	UBOCC-A-112059_s02186	1.0
ESE01564_s01113	UBOCC-A-116003_s02281	1.0
ESE01564_s01113	LCP06093_SLR83	0.6183206106870229
ESE01564_s01113	ESE01218_s00785	0.9191176470588235
ESE01564_s01113	ESE01543_s01094	0.8633093525179856
ESE01564_s01113	ESE02164_s01526	0.9763779527559056
ESE01564_s01113	ESE02190_s01571	0.9763779527559056
ESE01564_s01113	ESE00418_s00614	0.7763975155279503
ESE01564_s01113	ESE00418_s00615	0.7763975155279503
ESE01623_s01314	ESE01841_s01404	1.0
ESE01623_s01314	UBOCC-A-112059_s02186	1.0
ESE01623_s01314	UBOCC-A-116003_s02281	1.0
ESE01623_s01314	LCP06093_SLR83	0.6183206106870229
ESE01623_s01314	ESE01218_s00785	0.9191176470588235
ESE01623_s01314	ESE01543_s01094	0.8633093525179856
ESE01623_s01314	ESE02164_s01526	0.9763779527559056
ESE01623_s01314	ESE02190_s01571	0.9763779527559056
ESE01623_s01314	ESE00418_s00614	0.7763975155279503
ESE01623_s01314	ESE00418_s00615	0.7763975155279503
ESE01841_s01404	UBOCC-A-112059_s02186	1.0
ESE01841_s01404	UBOCC-A-116003_s02281	1.0
ESE01841_s01404	LCP06093_SLR83	0.6183206106870229
ESE01841_s01404	ESE01218_s00785	0.9191176470588235
ESE01841_s01404	ESE01543_s01094	0.8633093525179856
ESE01841_s01404	ESE02164_s01526	0.9763779527559056
ESE01841_s01404	ESE02190_s01571	0.9763779527559056
ESE01841_s01404	ESE00418_s00614	0.7763975155279503
ESE01841_s01404	ESE00418_s00615	0.7763975155279503
UBOCC-A-112059_s02186	UBOCC-A-116003_s02281	1.0
UBOCC-A-112059_s02186	LCP06093_SLR83	0.6183206106870229
UBOCC-A-112059_s02186	ESE01218_s00785	0.9191176470588235
UBOCC-A-112059_s02186	ESE01543_s01094	0.8633093525179856
UBOCC-A-112059_s02186	ESE02164_s01526	0.9763779527559056
UBOCC-A-112059_s02186	ESE02190_s01571	0.9763779527559056
UBOCC-A-112059_s02186	ESE00418_s00614	0.7763975155279503
UBOCC-A-112059_s02186	ESE00418_s00615	0.7763975155279503
UBOCC-A-116003_s02281	LCP06093_SLR83	0.6183206106870229
UBOCC-A-116003_s02281	ESE01218_s00785	0.9191176470588235
UBOCC-A-116003_s02281	ESE01543_s01094	0.8633093525179856
UBOCC-A-116003_s02281	ESE02164_s01526	0.9763779527559056
UBOCC-A-116003_s02281	ESE02190_s01571	0.9763779527559056
UBOCC-A-116003_s02281	ESE00418_s00614	0.7763975155279503
UBOCC-A-116003_s02281	ESE00418_s00615	0.7763975155279503
LCP5327_s01719	LCP4799_s01694	0.792
LCP5327_s01719	ESE00961_s00707	0.46254071661237783
LCP5327_s01719	LCP797_s01620	0.46254071661237783
ESE00418_s00606	ESE01543_SLR54_1	0.44313725490196076
ESE00418_s00606	LCP05531_SLR62	0.5369127516778524
LCP06093_SLR83	ESE01218_s00785	0.5785714285714286
LCP06093_SLR83	ESE01543_s01094	0.6466165413533834
LCP06093_SLR83	ESE02164_s01526	0.6356589147286822
LCP06093_SLR83	ESE02190_s01571	0.6356589147286822
LCP06093_SLR83	ESE00418_s00614	0.5
LCP06093_SLR83	ESE00418_s00615	0.5
ESE00019_SLR17	LCP06093_SLR81	0.9436619718309859
ESE00019_SLR17	ESE00958_s00670	0.8024691358024691
ESE00019_SLR17	ESE01635_s01331	0.39090909090909093
ESE00019_SLR17	LMA421_s02055	0.7011494252873564
ESE00418_SLR41	ESE00019_SLR9	0.4857142857142857
LCP6623_s01974	LCP6700_s02027	0.9259259259259259
LCP06093_SLR81	ESE00958_s00670	0.8048780487804879
LCP06093_SLR81	ESE01635_s01331	0.38392857142857145
LCP06093_SLR81	LMA421_s02055	0.7045454545454546
ESE01543_SLR45	ESE00418_SLR31	0.32408759124087594
ESE00019_SLR19	ESE00418_SLR31	0.3739495798319328
UBOCC-A-116003_s02288	ESE01543_SLR50	0.35
ESE00019_SLR6	LCP05531_s01800	0.4609375
LCP05531_SLR70	ESE01543_SLR58	0.41102756892230574
LCP05531_SLR70	ESE00418_SLR33	0.337995337995338
LCP06093_SLR90	LCP05531_SLR72	0.5628415300546448
LCP06093_SLR90	ESE00418_SLR35	0.5364583333333334
ESE01543_SLR58	LCP06093_SLR91	0.5447941888619855
ESE01543_SLR58	ESE00418_SLR33	0.7780821917808219
LCP06093_SLR79	ESE01543_SLR54_2	0.4722222222222222
ESE00090_s00155	ESE01661_s01361	1.0
ESE00090_s00155	LCP5327_s01722	1.0
ESE00090_s00155	ESE00958_s00677	0.44871794871794873
ESE00090_s00155	LCP5471_s01732	0.44871794871794873
ESE00090_s00155	ESE00155_s00304	0.44155844155844154
ESE00090_s00155	ESE00961_s00711	0.44155844155844154
ESE00090_s00155	LCP6615_s01894	0.44155844155844154
ESE00090_s00155	LCP797_s01623	0.44155844155844154
ESE00090_s00155	PN0144_s02090	0.44155844155844154
ESE00090_s00155	LCP4799_s01696	0.39325842696629215
ESE00090_s00155	LCP6697_s01988	0.4166666666666667
ESE01661_s01361	LCP5327_s01722	1.0
ESE01661_s01361	ESE00958_s00677	0.44871794871794873
ESE01661_s01361	LCP5471_s01732	0.44871794871794873
ESE01661_s01361	ESE00155_s00304	0.44155844155844154
ESE01661_s01361	ESE00961_s00711	0.44155844155844154
ESE01661_s01361	LCP6615_s01894	0.44155844155844154
ESE01661_s01361	LCP797_s01623	0.44155844155844154
ESE01661_s01361	PN0144_s02090	0.44155844155844154
ESE01661_s01361	LCP4799_s01696	0.39325842696629215
ESE01661_s01361	LCP6697_s01988	0.4166666666666667
LCP5327_s01722	ESE00958_s00677	0.44871794871794873
LCP5327_s01722	LCP5471_s01732	0.44871794871794873
LCP5327_s01722	ESE00155_s00304	0.44155844155844154
LCP5327_s01722	ESE00961_s00711	0.44155844155844154
LCP5327_s01722	LCP6615_s01894	0.44155844155844154
LCP5327_s01722	LCP797_s01623	0.44155844155844154
LCP5327_s01722	PN0144_s02090	0.44155844155844154
LCP5327_s01722	LCP4799_s01696	0.39325842696629215
LCP5327_s01722	LCP6697_s01988	0.4166666666666667
ESE00019_SLR3	ESE00019_SLR9	0.32323232323232326
ESE00019_SLR3	ESE00019_SLR8	0.7821782178217822
ESE01543_s01103	ESE00418_s00610	0.3525835866261398
ESE01543_s01103	LCP05531_s01800	0.6227678571428571
LCP4799_s01694	ESE00961_s00707	0.4664429530201342
LCP4799_s01694	LCP797_s01620	0.4664429530201342
ESE00958_s00677	LCP5471_s01732	1.0
ESE00958_s00677	ESE00155_s00304	0.5128205128205128
ESE00958_s00677	ESE00961_s00711	0.5128205128205128
ESE00958_s00677	LCP6615_s01894	0.5128205128205128
ESE00958_s00677	LCP797_s01623	0.5128205128205128
ESE00958_s00677	PN0144_s02090	0.5128205128205128
ESE00958_s00677	LCP4799_s01696	0.7466666666666667
ESE00958_s00677	LCP6697_s01988	0.5555555555555556
LCP5471_s01732	ESE00155_s00304	0.5128205128205128
LCP5471_s01732	ESE00961_s00711	0.5128205128205128
LCP5471_s01732	LCP6615_s01894	0.5128205128205128
LCP5471_s01732	LCP797_s01623	0.5128205128205128
LCP5471_s01732	PN0144_s02090	0.5128205128205128
LCP5471_s01732	LCP4799_s01696	0.7466666666666667
LCP5471_s01732	LCP6697_s01988	0.5555555555555556
LCP06093_s01874	LCP05531_SLR67	0.3002832861189802
ESE00019_SLR5	ESE00230_s00456	0.5289256198347108
ESE00019_SLR5	ESE00231_s00482	0.5289256198347108
ESE00019_SLR5	ESE01261_s00814	0.5289256198347108
ESE01218_s00785	ESE01543_s01094	0.8108108108108109
ESE01218_s00785	ESE02164_s01526	0.9117647058823529
ESE01218_s00785	ESE02190_s01571	0.9117647058823529
ESE01218_s00785	ESE00418_s00614	0.7352941176470589
ESE01218_s00785	ESE00418_s00615	0.7352941176470589
ESE00958_s00670	ESE01635_s01331	0.35833333333333334
ESE00958_s00670	LMA421_s02055	0.7555555555555555
ESE00019_SLR9	ESE00019_SLR8	0.3764705882352941
LCP6621_s01936	PN0144_s02085	1.0
ESE00230_s00456	ESE00231_s00482	1.0
ESE00230_s00456	ESE01261_s00814	1.0
ESE00231_s00482	ESE01261_s00814	1.0
LCP05531_s01808	ESE01543_SLR54_2	0.4888888888888889
LCP06093_SLR91	ESE00418_SLR33	0.5199063231850117
ESE01543_SLR48	ESE00418_SLR32	0.841726618705036
ESE01543_SLR48	LCP05531_SLR76	0.8148148148148148
LCP05531_SLR69	ESE01543_SLR49	0.8983050847457628
ESE00155_s00304	ESE00961_s00711	1.0
ESE00155_s00304	LCP6615_s01894	1.0
ESE00155_s00304	LCP797_s01623	1.0
ESE00155_s00304	PN0144_s02090	1.0
ESE00155_s00304	LCP4799_s01696	0.449438202247191
ESE00155_s00304	LCP6697_s01988	0.4939759036144578
ESE00961_s00711	LCP6615_s01894	1.0
ESE00961_s00711	LCP797_s01623	1.0
ESE00961_s00711	PN0144_s02090	1.0
ESE00961_s00711	LCP4799_s01696	0.449438202247191
ESE00961_s00711	LCP6697_s01988	0.4939759036144578
LCP6615_s01894	LCP797_s01623	1.0
LCP6615_s01894	PN0144_s02090	1.0
LCP6615_s01894	LCP4799_s01696	0.449438202247191
LCP6615_s01894	LCP6697_s01988	0.4939759036144578
LCP797_s01623	PN0144_s02090	1.0
LCP797_s01623	LCP4799_s01696	0.449438202247191
LCP797_s01623	LCP6697_s01988	0.4939759036144578
PN0144_s02090	LCP4799_s01696	0.449438202247191
PN0144_s02090	LCP6697_s01988	0.4939759036144578
ESE00418_SLR32	LCP05531_SLR76	0.9090909090909091
ESE01543_s01094	ESE02164_s01526	0.8695652173913043
ESE01543_s01094	ESE02190_s01571	0.8695652173913043
ESE01543_s01094	ESE00418_s00614	0.7134502923976608
ESE01543_s01094	ESE00418_s00615	0.7134502923976608
ESE00418_s00610	LCP05531_s01800	0.30434782608695654
ESE01635_s01331	LMA421_s02055	0.3524590163934426
LCP05531_SLR77	LCP05531_s01801	0.4578313253012048
ESE01543_s01090	LCP05531_s01807	1.0
ESE01543_s01090	ESE00087_s00109	1.0
ESE01543_s01090	ESE00211_s00437	1.0
ESE01543_s01090	ESE00282_s00519	1.0
ESE01543_s01090	ESE00283_s00547	1.0
ESE01543_s01090	ESE00960_s00693	1.0
ESE01543_s01090	ESE00993_s00753	1.0
ESE01543_s01090	ESE01262_s00834	1.0
ESE01543_s01090	ESE01522_s01035	1.0
ESE01543_s01090	ESE01567_s01143	1.0
ESE01543_s01090	ESE01594_s01244	1.0
ESE01543_s01090	ESE01900_s01436	1.0
ESE01543_s01090	ESE00089_s00138	1.0
ESE01543_s01090	ESE02164_s01532	1.0
ESE01543_s01090	ESE02184_s01550	1.0
ESE01543_s01090	LCP5529T_s01783	1.0
ESE01543_s01090	LCP5639_s01851	1.0
ESE01543_s01090	LCP6701_s02040	1.0
ESE01543_s01090	LMA421_s02063	1.0
ESE01543_s01090	UBOCC-A-112050_s02145	1.0
ESE01543_s01090	UBOCC-A-112053_s02172	1.0
ESE01543_s01090	ESE00126_s00214	1.0
ESE01543_s01090	ESE00151_s00266	1.0
ESE01543_s01090	ESE00156_s00317	1.0
ESE01543_s01090	ESE00157_s00340	1.0
ESE01543_s01090	ESE00158_s00361	1.0
ESE01543_s01090	ESE00160_s00396	1.0
ESE01543_s01090	ESE00207_s00416	1.0
ESE01543_s01090	ESE02190_s01575	0.9090909090909091
LCP05531_s01807	ESE00087_s00109	1.0
LCP05531_s01807	ESE00211_s00437	1.0
LCP05531_s01807	ESE00282_s00519	1.0
LCP05531_s01807	ESE00283_s00547	1.0
LCP05531_s01807	ESE00960_s00693	1.0
LCP05531_s01807	ESE00993_s00753	1.0
LCP05531_s01807	ESE01262_s00834	1.0
LCP05531_s01807	ESE01522_s01035	1.0
LCP05531_s01807	ESE01567_s01143	1.0
LCP05531_s01807	ESE01594_s01244	1.0
LCP05531_s01807	ESE01900_s01436	1.0
LCP05531_s01807	ESE00089_s00138	1.0
LCP05531_s01807	ESE02164_s01532	1.0
LCP05531_s01807	ESE02184_s01550	1.0
LCP05531_s01807	LCP5529T_s01783	1.0
LCP05531_s01807	LCP5639_s01851	1.0
LCP05531_s01807	LCP6701_s02040	1.0
LCP05531_s01807	LMA421_s02063	1.0
LCP05531_s01807	UBOCC-A-112050_s02145	1.0
LCP05531_s01807	UBOCC-A-112053_s02172	1.0
LCP05531_s01807	ESE00126_s00214	1.0
LCP05531_s01807	ESE00151_s00266	1.0
LCP05531_s01807	ESE00156_s00317	1.0
LCP05531_s01807	ESE00157_s00340	1.0
LCP05531_s01807	ESE00158_s00361	1.0
LCP05531_s01807	ESE00160_s00396	1.0
LCP05531_s01807	ESE00207_s00416	1.0
LCP05531_s01807	ESE02190_s01575	0.9090909090909091
ESE00087_s00109	ESE00211_s00437	1.0
ESE00087_s00109	ESE00282_s00519	1.0
ESE00087_s00109	ESE00283_s00547	1.0
ESE00087_s00109	ESE00960_s00693	1.0
ESE00087_s00109	ESE00993_s00753	1.0
ESE00087_s00109	ESE01262_s00834	1.0
ESE00087_s00109	ESE01522_s01035	1.0
ESE00087_s00109	ESE01567_s01143	1.0
ESE00087_s00109	ESE01594_s01244	1.0
ESE00087_s00109	ESE01900_s01436	1.0
ESE00087_s00109	ESE00089_s00138	1.0
ESE00087_s00109	ESE02164_s01532	1.0
ESE00087_s00109	ESE02184_s01550	1.0
ESE00087_s00109	LCP5529T_s01783	1.0
ESE00087_s00109	LCP5639_s01851	1.0
ESE00087_s00109	LCP6701_s02040	1.0
ESE00087_s00109	LMA421_s02063	1.0
ESE00087_s00109	UBOCC-A-112050_s02145	1.0
ESE00087_s00109	UBOCC-A-112053_s02172	1.0
ESE00087_s00109	ESE00126_s00214	1.0
ESE00087_s00109	ESE00151_s00266	1.0
ESE00087_s00109	ESE00156_s00317	1.0
ESE00087_s00109	ESE00157_s00340	1.0
ESE00087_s00109	ESE00158_s00361	1.0
ESE00087_s00109	ESE00160_s00396	1.0
ESE00087_s00109	ESE00207_s00416	1.0
ESE00087_s00109	ESE02190_s01575	0.9090909090909091
ESE00211_s00437	ESE00282_s00519	1.0
ESE00211_s00437	ESE00283_s00547	1.0
ESE00211_s00437	ESE00960_s00693	1.0
ESE00211_s00437	ESE00993_s00753	1.0
ESE00211_s00437	ESE01262_s00834	1.0
ESE00211_s00437	ESE01522_s01035	1.0
ESE00211_s00437	ESE01567_s01143	1.0
ESE00211_s00437	ESE01594_s01244	1.0
ESE00211_s00437	ESE01900_s01436	1.0
ESE00211_s00437	ESE00089_s00138	1.0
ESE00211_s00437	ESE02164_s01532	1.0
ESE00211_s00437	ESE02184_s01550	1.0
ESE00211_s00437	LCP5529T_s01783	1.0
ESE00211_s00437	LCP5639_s01851	1.0
ESE00211_s00437	LCP6701_s02040	1.0
ESE00211_s00437	LMA421_s02063	1.0
ESE00211_s00437	UBOCC-A-112050_s02145	1.0
ESE00211_s00437	UBOCC-A-112053_s02172	1.0
ESE00211_s00437	ESE00126_s00214	1.0
ESE00211_s00437	ESE00151_s00266	1.0
ESE00211_s00437	ESE00156_s00317	1.0
ESE00211_s00437	ESE00157_s00340	1.0
ESE00211_s00437	ESE00158_s00361	1.0
ESE00211_s00437	ESE00160_s00396	1.0
ESE00211_s00437	ESE00207_s00416	1.0
ESE00211_s00437	ESE02190_s01575	0.9090909090909091
ESE00282_s00519	ESE00283_s00547	1.0
ESE00282_s00519	ESE00960_s00693	1.0
ESE00282_s00519	ESE00993_s00753	1.0
ESE00282_s00519	ESE01262_s00834	1.0
ESE00282_s00519	ESE01522_s01035	1.0
ESE00282_s00519	ESE01567_s01143	1.0
ESE00282_s00519	ESE01594_s01244	1.0
ESE00282_s00519	ESE01900_s01436	1.0
ESE00282_s00519	ESE00089_s00138	1.0
ESE00282_s00519	ESE02164_s01532	1.0
ESE00282_s00519	ESE02184_s01550	1.0
ESE00282_s00519	LCP5529T_s01783	1.0
ESE00282_s00519	LCP5639_s01851	1.0
ESE00282_s00519	LCP6701_s02040	1.0
ESE00282_s00519	LMA421_s02063	1.0
ESE00282_s00519	UBOCC-A-112050_s02145	1.0
ESE00282_s00519	UBOCC-A-112053_s02172	1.0
ESE00282_s00519	ESE00126_s00214	1.0
ESE00282_s00519	ESE00151_s00266	1.0
ESE00282_s00519	ESE00156_s00317	1.0
ESE00282_s00519	ESE00157_s00340	1.0
ESE00282_s00519	ESE00158_s00361	1.0
ESE00282_s00519	ESE00160_s00396	1.0
ESE00282_s00519	ESE00207_s00416	1.0
ESE00282_s00519	ESE02190_s01575	0.9090909090909091
ESE00283_s00547	ESE00960_s00693	1.0
ESE00283_s00547	ESE00993_s00753	1.0
ESE00283_s00547	ESE01262_s00834	1.0
ESE00283_s00547	ESE01522_s01035	1.0
ESE00283_s00547	ESE01567_s01143	1.0
ESE00283_s00547	ESE01594_s01244	1.0
ESE00283_s00547	ESE01900_s01436	1.0
ESE00283_s00547	ESE00089_s00138	1.0
ESE00283_s00547	ESE02164_s01532	1.0
ESE00283_s00547	ESE02184_s01550	1.0
ESE00283_s00547	LCP5529T_s01783	1.0
ESE00283_s00547	LCP5639_s01851	1.0
ESE00283_s00547	LCP6701_s02040	1.0
ESE00283_s00547	LMA421_s02063	1.0
ESE00283_s00547	UBOCC-A-112050_s02145	1.0
ESE00283_s00547	UBOCC-A-112053_s02172	1.0
ESE00283_s00547	ESE00126_s00214	1.0
ESE00283_s00547	ESE00151_s00266	1.0
ESE00283_s00547	ESE00156_s00317	1.0
ESE00283_s00547	ESE00157_s00340	1.0
ESE00283_s00547	ESE00158_s00361	1.0
ESE00283_s00547	ESE00160_s00396	1.0
ESE00283_s00547	ESE00207_s00416	1.0
ESE00283_s00547	ESE02190_s01575	0.9090909090909091
ESE00960_s00693	ESE00993_s00753	1.0
ESE00960_s00693	ESE01262_s00834	1.0
ESE00960_s00693	ESE01522_s01035	1.0
ESE00960_s00693	ESE01567_s01143	1.0
ESE00960_s00693	ESE01594_s01244	1.0
ESE00960_s00693	ESE01900_s01436	1.0
ESE00960_s00693	ESE00089_s00138	1.0
ESE00960_s00693	ESE02164_s01532	1.0
ESE00960_s00693	ESE02184_s01550	1.0
ESE00960_s00693	LCP5529T_s01783	1.0
ESE00960_s00693	LCP5639_s01851	1.0
ESE00960_s00693	LCP6701_s02040	1.0
ESE00960_s00693	LMA421_s02063	1.0
ESE00960_s00693	UBOCC-A-112050_s02145	1.0
ESE00960_s00693	UBOCC-A-112053_s02172	1.0
ESE00960_s00693	ESE00126_s00214	1.0
ESE00960_s00693	ESE00151_s00266	1.0
ESE00960_s00693	ESE00156_s00317	1.0
ESE00960_s00693	ESE00157_s00340	1.0
ESE00960_s00693	ESE00158_s00361	1.0
ESE00960_s00693	ESE00160_s00396	1.0
ESE00960_s00693	ESE00207_s00416	1.0
ESE00960_s00693	ESE02190_s01575	0.9090909090909091
ESE00993_s00753	ESE01262_s00834	1.0
ESE00993_s00753	ESE01522_s01035	1.0
ESE00993_s00753	ESE01567_s01143	1.0
ESE00993_s00753	ESE01594_s01244	1.0
ESE00993_s00753	ESE01900_s01436	1.0
ESE00993_s00753	ESE00089_s00138	1.0
ESE00993_s00753	ESE02164_s01532	1.0
ESE00993_s00753	ESE02184_s01550	1.0
ESE00993_s00753	LCP5529T_s01783	1.0
ESE00993_s00753	LCP5639_s01851	1.0
ESE00993_s00753	LCP6701_s02040	1.0
ESE00993_s00753	LMA421_s02063	1.0
ESE00993_s00753	UBOCC-A-112050_s02145	1.0
ESE00993_s00753	UBOCC-A-112053_s02172	1.0
ESE00993_s00753	ESE00126_s00214	1.0
ESE00993_s00753	ESE00151_s00266	1.0
ESE00993_s00753	ESE00156_s00317	1.0
ESE00993_s00753	ESE00157_s00340	1.0
ESE00993_s00753	ESE00158_s00361	1.0
ESE00993_s00753	ESE00160_s00396	1.0
ESE00993_s00753	ESE00207_s00416	1.0
ESE00993_s00753	ESE02190_s01575	0.9090909090909091
ESE01262_s00834	ESE01522_s01035	1.0
ESE01262_s00834	ESE01567_s01143	1.0
ESE01262_s00834	ESE01594_s01244	1.0
ESE01262_s00834	ESE01900_s01436	1.0
ESE01262_s00834	ESE00089_s00138	1.0
ESE01262_s00834	ESE02164_s01532	1.0
ESE01262_s00834	ESE02184_s01550	1.0
ESE01262_s00834	LCP5529T_s01783	1.0
ESE01262_s00834	LCP5639_s01851	1.0
ESE01262_s00834	LCP6701_s02040	1.0
ESE01262_s00834	LMA421_s02063	1.0
ESE01262_s00834	UBOCC-A-112050_s02145	1.0
ESE01262_s00834	UBOCC-A-112053_s02172	1.0
ESE01262_s00834	ESE00126_s00214	1.0
ESE01262_s00834	ESE00151_s00266	1.0
ESE01262_s00834	ESE00156_s00317	1.0
ESE01262_s00834	ESE00157_s00340	1.0
ESE01262_s00834	ESE00158_s00361	1.0
ESE01262_s00834	ESE00160_s00396	1.0
ESE01262_s00834	ESE00207_s00416	1.0
ESE01262_s00834	ESE02190_s01575	0.9090909090909091
ESE01522_s01035	ESE01567_s01143	1.0
ESE01522_s01035	ESE01594_s01244	1.0
ESE01522_s01035	ESE01900_s01436	1.0
ESE01522_s01035	ESE00089_s00138	1.0
ESE01522_s01035	ESE02164_s01532	1.0
ESE01522_s01035	ESE02184_s01550	1.0
ESE01522_s01035	LCP5529T_s01783	1.0
ESE01522_s01035	LCP5639_s01851	1.0
ESE01522_s01035	LCP6701_s02040	1.0
ESE01522_s01035	LMA421_s02063	1.0
ESE01522_s01035	UBOCC-A-112050_s02145	1.0
ESE01522_s01035	UBOCC-A-112053_s02172	1.0
ESE01522_s01035	ESE00126_s00214	1.0
ESE01522_s01035	ESE00151_s00266	1.0
ESE01522_s01035	ESE00156_s00317	1.0
ESE01522_s01035	ESE00157_s00340	1.0
ESE01522_s01035	ESE00158_s00361	1.0
ESE01522_s01035	ESE00160_s00396	1.0
ESE01522_s01035	ESE00207_s00416	1.0
ESE01522_s01035	ESE02190_s01575	0.9090909090909091
ESE01567_s01143	ESE01594_s01244	1.0
ESE01567_s01143	ESE01900_s01436	1.0
ESE01567_s01143	ESE00089_s00138	1.0
ESE01567_s01143	ESE02164_s01532	1.0
ESE01567_s01143	ESE02184_s01550	1.0
ESE01567_s01143	LCP5529T_s01783	1.0
ESE01567_s01143	LCP5639_s01851	1.0
ESE01567_s01143	LCP6701_s02040	1.0
ESE01567_s01143	LMA421_s02063	1.0
ESE01567_s01143	UBOCC-A-112050_s02145	1.0
ESE01567_s01143	UBOCC-A-112053_s02172	1.0
ESE01567_s01143	ESE00126_s00214	1.0
ESE01567_s01143	ESE00151_s00266	1.0
ESE01567_s01143	ESE00156_s00317	1.0
ESE01567_s01143	ESE00157_s00340	1.0
ESE01567_s01143	ESE00158_s00361	1.0
ESE01567_s01143	ESE00160_s00396	1.0
ESE01567_s01143	ESE00207_s00416	1.0
ESE01567_s01143	ESE02190_s01575	0.9090909090909091
ESE01594_s01244	ESE01900_s01436	1.0
ESE01594_s01244	ESE00089_s00138	1.0
ESE01594_s01244	ESE02164_s01532	1.0
ESE01594_s01244	ESE02184_s01550	1.0
ESE01594_s01244	LCP5529T_s01783	1.0
ESE01594_s01244	LCP5639_s01851	1.0
ESE01594_s01244	LCP6701_s02040	1.0
ESE01594_s01244	LMA421_s02063	1.0
ESE01594_s01244	UBOCC-A-112050_s02145	1.0
ESE01594_s01244	UBOCC-A-112053_s02172	1.0
ESE01594_s01244	ESE00126_s00214	1.0
ESE01594_s01244	ESE00151_s00266	1.0
ESE01594_s01244	ESE00156_s00317	1.0
ESE01594_s01244	ESE00157_s00340	1.0
ESE01594_s01244	ESE00158_s00361	1.0
ESE01594_s01244	ESE00160_s00396	1.0
ESE01594_s01244	ESE00207_s00416	1.0
ESE01594_s01244	ESE02190_s01575	0.9090909090909091
ESE01900_s01436	ESE00089_s00138	1.0
ESE01900_s01436	ESE02164_s01532	1.0
ESE01900_s01436	ESE02184_s01550	1.0
ESE01900_s01436	LCP5529T_s01783	1.0
ESE01900_s01436	LCP5639_s01851	1.0
ESE01900_s01436	LCP6701_s02040	1.0
ESE01900_s01436	LMA421_s02063	1.0
ESE01900_s01436	UBOCC-A-112050_s02145	1.0
ESE01900_s01436	UBOCC-A-112053_s02172	1.0
ESE01900_s01436	ESE00126_s00214	1.0
ESE01900_s01436	ESE00151_s00266	1.0
ESE01900_s01436	ESE00156_s00317	1.0
ESE01900_s01436	ESE00157_s00340	1.0
ESE01900_s01436	ESE00158_s00361	1.0
ESE01900_s01436	ESE00160_s00396	1.0
ESE01900_s01436	ESE00207_s00416	1.0
ESE01900_s01436	ESE02190_s01575	0.9090909090909091
ESE00089_s00138	ESE02164_s01532	1.0
ESE00089_s00138	ESE02184_s01550	1.0
ESE00089_s00138	LCP5529T_s01783	1.0
ESE00089_s00138	LCP5639_s01851	1.0
ESE00089_s00138	LCP6701_s02040	1.0
ESE00089_s00138	LMA421_s02063	1.0
ESE00089_s00138	UBOCC-A-112050_s02145	1.0
ESE00089_s00138	UBOCC-A-112053_s02172	1.0
ESE00089_s00138	ESE00126_s00214	1.0
ESE00089_s00138	ESE00151_s00266	1.0
ESE00089_s00138	ESE00156_s00317	1.0
ESE00089_s00138	ESE00157_s00340	1.0
ESE00089_s00138	ESE00158_s00361	1.0
ESE00089_s00138	ESE00160_s00396	1.0
ESE00089_s00138	ESE00207_s00416	1.0
ESE00089_s00138	ESE02190_s01575	0.9090909090909091
ESE02164_s01532	ESE02184_s01550	1.0
ESE02164_s01532	LCP5529T_s01783	1.0
ESE02164_s01532	LCP5639_s01851	1.0
ESE02164_s01532	LCP6701_s02040	1.0
ESE02164_s01532	LMA421_s02063	1.0
ESE02164_s01532	UBOCC-A-112050_s02145	1.0
ESE02164_s01532	UBOCC-A-112053_s02172	1.0
ESE02164_s01532	ESE00126_s00214	1.0
ESE02164_s01532	ESE00151_s00266	1.0
ESE02164_s01532	ESE00156_s00317	1.0
ESE02164_s01532	ESE00157_s00340	1.0
ESE02164_s01532	ESE00158_s00361	1.0
ESE02164_s01532	ESE00160_s00396	1.0
ESE02164_s01532	ESE00207_s00416	1.0
ESE02164_s01532	ESE02190_s01575	0.9090909090909091
ESE02184_s01550	LCP5529T_s01783	1.0
ESE02184_s01550	LCP5639_s01851	1.0
ESE02184_s01550	LCP6701_s02040	1.0
ESE02184_s01550	LMA421_s02063	1.0
ESE02184_s01550	UBOCC-A-112050_s02145	1.0
ESE02184_s01550	UBOCC-A-112053_s02172	1.0
ESE02184_s01550	ESE00126_s00214	1.0
ESE02184_s01550	ESE00151_s00266	1.0
ESE02184_s01550	ESE00156_s00317	1.0
ESE02184_s01550	ESE00157_s00340	1.0
ESE02184_s01550	ESE00158_s00361	1.0
ESE02184_s01550	ESE00160_s00396	1.0
ESE02184_s01550	ESE00207_s00416	1.0
ESE02184_s01550	ESE02190_s01575	0.9090909090909091
LCP5529T_s01783	LCP5639_s01851	1.0
LCP5529T_s01783	LCP6701_s02040	1.0
LCP5529T_s01783	LMA421_s02063	1.0
LCP5529T_s01783	UBOCC-A-112050_s02145	1.0
LCP5529T_s01783	UBOCC-A-112053_s02172	1.0
LCP5529T_s01783	ESE00126_s00214	1.0
LCP5529T_s01783	ESE00151_s00266	1.0
LCP5529T_s01783	ESE00156_s00317	1.0
LCP5529T_s01783	ESE00157_s00340	1.0
LCP5529T_s01783	ESE00158_s00361	1.0
LCP5529T_s01783	ESE00160_s00396	1.0
LCP5529T_s01783	ESE00207_s00416	1.0
LCP5529T_s01783	ESE02190_s01575	0.9090909090909091
LCP5639_s01851	LCP6701_s02040	1.0
LCP5639_s01851	LMA421_s02063	1.0
LCP5639_s01851	UBOCC-A-112050_s02145	1.0
LCP5639_s01851	UBOCC-A-112053_s02172	1.0
LCP5639_s01851	ESE00126_s00214	1.0
LCP5639_s01851	ESE00151_s00266	1.0
LCP5639_s01851	ESE00156_s00317	1.0
LCP5639_s01851	ESE00157_s00340	1.0
LCP5639_s01851	ESE00158_s00361	1.0
LCP5639_s01851	ESE00160_s00396	1.0
LCP5639_s01851	ESE00207_s00416	1.0
LCP5639_s01851	ESE02190_s01575	0.9090909090909091
LCP6701_s02040	LMA421_s02063	1.0
LCP6701_s02040	UBOCC-A-112050_s02145	1.0
LCP6701_s02040	UBOCC-A-112053_s02172	1.0
LCP6701_s02040	ESE00126_s00214	1.0
LCP6701_s02040	ESE00151_s00266	1.0
LCP6701_s02040	ESE00156_s00317	1.0
LCP6701_s02040	ESE00157_s00340	1.0
LCP6701_s02040	ESE00158_s00361	1.0
LCP6701_s02040	ESE00160_s00396	1.0
LCP6701_s02040	ESE00207_s00416	1.0
LCP6701_s02040	ESE02190_s01575	0.9090909090909091
LMA421_s02063	UBOCC-A-112050_s02145	1.0
LMA421_s02063	UBOCC-A-112053_s02172	1.0
LMA421_s02063	ESE00126_s00214	1.0
LMA421_s02063	ESE00151_s00266	1.0
LMA421_s02063	ESE00156_s00317	1.0
LMA421_s02063	ESE00157_s00340	1.0
LMA421_s02063	ESE00158_s00361	1.0
LMA421_s02063	ESE00160_s00396	1.0
LMA421_s02063	ESE00207_s00416	1.0
LMA421_s02063	ESE02190_s01575	0.9090909090909091
UBOCC-A-112050_s02145	UBOCC-A-112053_s02172	1.0
UBOCC-A-112050_s02145	ESE00126_s00214	1.0
UBOCC-A-112050_s02145	ESE00151_s00266	1.0
UBOCC-A-112050_s02145	ESE00156_s00317	1.0
UBOCC-A-112050_s02145	ESE00157_s00340	1.0
UBOCC-A-112050_s02145	ESE00158_s00361	1.0
UBOCC-A-112050_s02145	ESE00160_s00396	1.0
UBOCC-A-112050_s02145	ESE00207_s00416	1.0
UBOCC-A-112050_s02145	ESE02190_s01575	0.9090909090909091
UBOCC-A-112053_s02172	ESE00126_s00214	1.0
UBOCC-A-112053_s02172	ESE00151_s00266	1.0
UBOCC-A-112053_s02172	ESE00156_s00317	1.0
UBOCC-A-112053_s02172	ESE00157_s00340	1.0
UBOCC-A-112053_s02172	ESE00158_s00361	1.0
UBOCC-A-112053_s02172	ESE00160_s00396	1.0
UBOCC-A-112053_s02172	ESE00207_s00416	1.0
UBOCC-A-112053_s02172	ESE02190_s01575	0.9090909090909091
ESE00126_s00214	ESE00151_s00266	1.0
ESE00126_s00214	ESE00156_s00317	1.0
ESE00126_s00214	ESE00157_s00340	1.0
ESE00126_s00214	ESE00158_s00361	1.0
ESE00126_s00214	ESE00160_s00396	1.0
ESE00126_s00214	ESE00207_s00416	1.0
ESE00126_s00214	ESE02190_s01575	0.9090909090909091
ESE00151_s00266	ESE00156_s00317	1.0
ESE00151_s00266	ESE00157_s00340	1.0
ESE00151_s00266	ESE00158_s00361	1.0
ESE00151_s00266	ESE00160_s00396	1.0
ESE00151_s00266	ESE00207_s00416	1.0
ESE00151_s00266	ESE02190_s01575	0.9090909090909091
ESE00156_s00317	ESE00157_s00340	1.0
ESE00156_s00317	ESE00158_s00361	1.0
ESE00156_s00317	ESE00160_s00396	1.0
ESE00156_s00317	ESE00207_s00416	1.0
ESE00156_s00317	ESE02190_s01575	0.9090909090909091
ESE00157_s00340	ESE00158_s00361	1.0
ESE00157_s00340	ESE00160_s00396	1.0
ESE00157_s00340	ESE00207_s00416	1.0
ESE00157_s00340	ESE02190_s01575	0.9090909090909091
ESE00158_s00361	ESE00160_s00396	1.0
ESE00158_s00361	ESE00207_s00416	1.0
ESE00158_s00361	ESE02190_s01575	0.9090909090909091
ESE00160_s00396	ESE00207_s00416	1.0
ESE00160_s00396	ESE02190_s01575	0.9090909090909091
ESE00207_s00416	ESE02190_s01575	0.9090909090909091
LCP05531_SLR72	ESE00418_SLR35	0.9107142857142857
LCP4799_s01696	LCP6697_s01988	0.6707317073170732
ESE01543_SLR46	LCP05531_SLR68	0.4864864864864865
ESE02164_s01526	ESE02190_s01571	1.0
ESE02164_s01526	ESE00418_s00614	0.78125
ESE02164_s01526	ESE00418_s00615	0.78125
ESE02190_s01571	ESE00418_s00614	0.78125
ESE02190_s01571	ESE00418_s00615	0.78125
ESE00418_s00614	ESE00418_s00615	1.0
ESE00961_s00707	LCP797_s01620	1.0
ESE00086_s00090	ESE01592_s01228	1.0
ESE00086_s00090	ESE01619_s01305	1.0
ESE01592_s01228	ESE01619_s01305	1.0
