ESE00090_contig1	1	11000	ESE00019
ESE00090_contig1	445000	675000	ESE00019
ESE00090_contig1	1191000	1264000	ESE00019
ESE00090_contig1	1493000	1585000	ESE00019
ESE00090_contig1	1635000	1731000	ESE00019
ESE00090_contig1	1958000	1980000	ESE00019
ESE00090_contig1	2110000	2316000	ESE00019
ESE00090_contig1	2445000	2468000	ESE00019
ESE00090_contig1	2825000	2836000	ESE00019
ESE00090_contig1	2878000	3064000	ESE00019
ESE00090_contig1	3939000	3967000	ESE00019
ESE00090_contig1	4755000	4893000	ESE00019
ESE00090_contig1	5621000	5633000	ESE00019
ESE00090_contig1	6070000	6124000	ESE00019
ESE00090_contig1	6653000	6682000	ESE00019
ESE00090_contig1	6724000	6743000	ESE00019
ESE00090_contig1	6773000	6788000	ESE00019
ESE00090_contig1	7664000	7684000	ESE00019
ESE00090_contig1	7942000	7955000	ESE00019
ESE00090_contig1	8273000	8341000	ESE00019
ESE00090_contig1	8720000	8741000	ESE00019
ESE00090_contig1	9596000	9609000	ESE00019
ESE00090_contig1	9691000	9769000	ESE00019
ESE00090_contig1	9917000	9935000	ESE00019
ESE00090_contig1	10002000	10052000	ESE00019
ESE00090_contig1	10366000	10487839	ESE00019
ESE00090_contig12	1	71047	ESE00019
ESE00090_contig2	276000	298000	ESE00019
ESE00090_contig2	370000	410000	ESE00019
ESE00090_contig2	642000	655000	ESE00019
ESE00090_contig2	1473000	1496000	ESE00019
ESE00090_contig2	1891000	1991000	ESE00019
ESE00090_contig2	2183000	2321000	ESE00019
ESE00090_contig2	3183000	3204000	ESE00019
ESE00090_contig2	4065000	4090000	ESE00019
ESE00090_contig2	4480000	4496000	ESE00019
ESE00090_contig2	4925000	4958000	ESE00019
ESE00090_contig2	6772000	6796000	ESE00019
ESE00090_contig2	7765000	7776000	ESE00019
ESE00090_contig2	8692000	8718000	ESE00019
ESE00090_contig2	8868000	8993000	ESE00019
ESE00090_contig2	9361000	9382000	ESE00019
ESE00090_contig3	1	176000	ESE00019
ESE00090_contig3	267000	288000	ESE00019
ESE00090_contig3	529000	540000	ESE00019
ESE00090_contig3	948000	1081000	ESE00019
ESE00090_contig3	1257000	1286000	ESE00019
ESE00090_contig3	1494000	1508000	ESE00019
ESE00090_contig3	2042000	2070000	ESE00019
ESE00090_contig3	2673000	2827000	ESE00019
ESE00090_contig3	3674000	3713000	ESE00019
ESE00090_contig3	5612000	5722496	ESE00019
ESE00090_contig4	1	28000	ESE00019
ESE00090_contig4	182000	249000	ESE00019
ESE00090_contig4	1189000	1207000	ESE00019
ESE00090_contig4	1839000	1850000	ESE00019
ESE00090_contig4	2091000	2228000	ESE00019
ESE00090_contig4	2357000	2369000	ESE00019
ESE00090_contig4	2921000	3078000	ESE00019
ESE00090_contig4	3240000	3251000	ESE00019
ESE00090_contig4	3305000	3412000	ESE00019
ESE00090_contig4	4042000	4056000	ESE00019
ESE00090_contig4	4557000	4679686	ESE00019
ESE00090_contig5	1	17000	ESE00019
ESE00090_contig5	316000	329000	ESE00019
ESE00090_contig5	560000	594000	ESE00019
ESE00090_contig5	1976000	2105000	ESE00019
ESE00090_contig5	2285000	2511000	ESE00019
ESE00090_contig5	2586000	2670000	ESE00019
ESE00090_contig5	2912000	2948000	ESE00019
ESE00090_contig5	2969000	2982000	ESE00019
ESE00090_contig5	3368000	3379000	ESE00019
ESE00090_contig5	3690000	3745000	ESE00019
ESE00418_contig10	1	80493	ESE00019
ESE00418_contig11	1	25000	ESE00019
ESE00418_contig11	179000	213000	ESE00019
ESE00418_contig11	1565000	1629000	ESE00019
ESE00418_contig11	2586000	2634919	ESE00019
ESE00418_contig12	1	24078	ESE00019
ESE00418_contig14	30000	43000	ESE00019
ESE00418_contig14	97000	116000	ESE00019
ESE00418_contig15	1	123000	ESE00019
ESE00418_contig15	1858000	1885711	ESE00019
ESE00418_contig16	1	149000	ESE00019
ESE00418_contig16	1005000	1145000	ESE00019
ESE00418_contig16	1243000	1264000	ESE00019
ESE00418_contig16	1591000	1622000	ESE00019
ESE00418_contig16	1665000	1865000	ESE00019
ESE00418_contig16	1994000	2735000	ESE00019
ESE00418_contig16	3292000	3323000	ESE00019
ESE00418_contig16	4955000	4969000	ESE00019
ESE00418_contig16	6053000	6240539	ESE00019
ESE00418_contig19	1	46000	ESE00019
ESE00418_contig19	656000	732000	ESE00019
ESE00418_contig19	1304000	1324882	ESE00019
ESE00418_contig2	1	77081	ESE00019
ESE00418_contig20	1	25000	ESE00019
ESE00418_contig20	445000	469000	ESE00019
ESE00418_contig20	777000	792000	ESE00019
ESE00418_contig20	2241000	2282000	ESE00019
ESE00418_contig20	2495000	2528000	ESE00019
ESE00418_contig20	2760000	2814233	ESE00019
ESE00418_contig21	1	31000	ESE00019
ESE00418_contig21	433000	448000	ESE00019
ESE00418_contig21	1283000	1304000	ESE00019
ESE00418_contig21	1606000	1630511	ESE00019
ESE00418_contig22	1	64938	ESE00019
ESE00418_contig23	1	81809	ESE00019
ESE00418_contig24	1	53000	ESE00019
ESE00418_contig24	74000	85000	ESE00019
ESE00418_contig25	1	35172	ESE00019
ESE00418_contig28	1	60504	ESE00019
ESE00418_contig29	1	271476	ESE00019
ESE00418_contig3	1	30000	ESE00019
ESE00418_contig3	791000	802000	ESE00019
ESE00418_contig3	1448000	1460000	ESE00019
ESE00418_contig3	1589000	1604000	ESE00019
ESE00418_contig3	3162000	3382129	ESE00019
ESE00418_contig30	1	25545	ESE00019
ESE00418_contig32	1	35690	ESE00019
ESE00418_contig33	177000	195000	ESE00019
ESE00418_contig33	1079000	1107626	ESE00019
ESE00418_contig34	1	21000	ESE00019
ESE00418_contig34	152000	178000	ESE00019
ESE00418_contig34	571000	585000	ESE00019
ESE00418_contig34	660000	691000	ESE00019
ESE00418_contig34	2563000	2602000	ESE00019
ESE00418_contig34	3961000	3972000	ESE00019
ESE00418_contig34	4028000	4041000	ESE00019
ESE00418_contig34	4960000	4991000	ESE00019
ESE00418_contig34	5174000	5253000	ESE00019
ESE00418_contig34	6850000	6878000	ESE00019
ESE00418_contig34	8127000	8163000	ESE00019
ESE00418_contig34	8867000	8980000	ESE00019
ESE00418_contig34	9067000	9166162	ESE00019
ESE00418_contig35	1	25000	ESE00019
ESE00418_contig35	60000	72000	ESE00019
ESE00418_contig36	1	432000	ESE00019
ESE00418_contig36	1359000	1455000	ESE00019
ESE00418_contig36	1654000	1876513	ESE00019
ESE00418_contig37	1	191958	ESE00019
ESE00418_contig38	1	46000	ESE00019
ESE00418_contig38	1174000	1227000	ESE00019
ESE00418_contig38	1321000	1361000	ESE00019
ESE00418_contig38	1771000	1801272	ESE00019
ESE00418_contig39	1	102000	ESE00019
ESE00418_contig39	503000	554000	ESE00019
ESE00418_contig39	2135000	2149000	ESE00019
ESE00418_contig39	2382000	2401000	ESE00019
ESE00418_contig39	2991000	3004000	ESE00019
ESE00418_contig39	3072000	3109684	ESE00019
ESE00418_contig4	1	56528	ESE00019
ESE00418_contig5	1	103000	ESE00019
ESE00418_contig5	698000	752250	ESE00019
ESE00418_contig7	1	14000	ESE00019
ESE00418_contig8	1	48499	ESE00019
ESE00418_contig9	1	18000	ESE00019
ESE01543_contig1	1	21000	ESE00019
ESE01543_contig1	137000	162000	ESE00019
ESE01543_contig1	649000	674000	ESE00019
ESE01543_contig1	2450000	2502000	ESE00019
ESE01543_contig1	3847000	3881000	ESE00019
ESE01543_contig1	3984000	3997000	ESE00019
ESE01543_contig1	4041000	4061833	ESE00019
ESE01543_contig10	1	20846	ESE00019
ESE01543_contig12	1	117000	ESE00019
ESE01543_contig12	957000	1005000	ESE00019
ESE01543_contig12	2940000	2963319	ESE00019
ESE01543_contig15	1	29000	ESE00019
ESE01543_contig15	1228000	1265000	ESE00019
ESE01543_contig15	3658000	3673000	ESE00019
ESE01543_contig15	3892000	3928000	ESE00019
ESE01543_contig15	4551000	4563000	ESE00019
ESE01543_contig15	4629000	4664322	ESE00019
ESE01543_contig16	1	268000	ESE00019
ESE01543_contig16	312000	342000	ESE00019
ESE01543_contig16	619000	734582	ESE00019
ESE01543_contig17	1	21000	ESE00019
ESE01543_contig17	1340000	1436000	ESE00019
ESE01543_contig17	2352000	2711000	ESE00019
ESE01543_contig17	3668000	3806000	ESE00019
ESE01543_contig17	4635000	4679000	ESE00019
ESE01543_contig17	6444000	6460000	ESE00019
ESE01543_contig17	8098000	8173000	ESE00019
ESE01543_contig17	8236000	8269000	ESE00019
ESE01543_contig17	9302000	9313000	ESE00019
ESE01543_contig17	10484000	10524811	ESE00019
ESE01543_contig22	181000	199000	ESE00019
ESE01543_contig22	968000	980000	ESE00019
ESE01543_contig22	1222000	1234000	ESE00019
ESE01543_contig22	1290000	1301000	ESE00019
ESE01543_contig22	2630000	2741506	ESE00019
ESE01543_contig23	1	55000	ESE00019
ESE01543_contig23	171000	266000	ESE00019
ESE01543_contig23	310000	367000	ESE00019
ESE01543_contig26	1	148634	ESE00019
ESE01543_contig27	1	38000	ESE00019
ESE01543_contig27	106000	118000	ESE00019
ESE01543_contig27	145000	235000	ESE00019
ESE01543_contig27	800000	819000	ESE00019
ESE01543_contig27	1102000	1117000	ESE00019
ESE01543_contig27	2695000	2721000	ESE00019
ESE01543_contig27	2979000	3002000	ESE00019
ESE01543_contig27	4196000	4230591	ESE00019
ESE01543_contig3	1	32000	ESE00019
ESE01543_contig3	416000	713231	ESE00019
ESE01543_contig6	1	48000	ESE00019
ESE01543_contig6	510000	536000	ESE00019
ESE01543_contig6	1175000	1193000	ESE00019
ESE01543_contig6	1614000	1646611	ESE00019
ESE01543_contig9	1899000	1914000	ESE00019
ESE01543_contig9	2077000	2119000	ESE00019
ESE01543_contig9	2170000	2184000	ESE00019
ESE01543_contig9	2969000	2981000	ESE00019
ESE01543_contig9	3745000	3780181	ESE00019
LCP05531_contig1	1	24000	ESE00019
LCP05531_contig1	672000	691000	ESE00019
LCP05531_contig1	918000	929000	ESE00019
LCP05531_contig1	2555000	2581000	ESE00019
LCP05531_contig1	5234000	5265000	ESE00019
LCP05531_contig1	6254000	6327000	ESE00019
LCP05531_contig1	7435000	7464000	ESE00019
LCP05531_contig1	8199000	8891000	ESE00019
LCP05531_contig1	9749000	9780000	ESE00019
LCP05531_contig1	9971000	10004000	ESE00019
LCP05531_contig1	10929000	11031000	ESE00019
LCP05531_contig1	11588000	11628000	ESE00019
LCP05531_contig1	11807000	11897000	ESE00019
LCP05531_contig1	12326000	12500000	ESE00019
LCP05531_contig1	12594000	12606000	ESE00019
LCP05531_contig1	12737000	12776000	ESE00019
LCP05531_contig1	12935000	12964000	ESE00019
LCP05531_contig1	13067000	13088505	ESE00019
LCP05531_contig2	1	255000	ESE00019
LCP05531_contig2	1596000	1666000	ESE00019
LCP05531_contig2	1879000	1959000	ESE00019
LCP05531_contig2	2308000	2507000	ESE00019
LCP05531_contig2	2551000	2582000	ESE00019
LCP05531_contig2	3066000	3102000	ESE00019
LCP05531_contig2	6187000	6559000	ESE00019
LCP05531_contig2	7014000	7045000	ESE00019
LCP05531_contig2	7183000	7206156	ESE00019
LCP05531_contig3	1	20000	ESE00019
LCP05531_contig3	1174000	1187000	ESE00019
LCP05531_contig3	1264000	1323000	ESE00019
LCP05531_contig3	1384000	1480000	ESE00019
LCP05531_contig3	2420000	2687000	ESE00019
LCP05531_contig3	4047000	4141000	ESE00019
LCP05531_contig3	5752000	5764000	ESE00019
LCP05531_contig3	6006000	6018000	ESE00019
LCP05531_contig3	6788000	6805000	ESE00019
LCP05531_contig4	1	21000	ESE00019
LCP05531_contig4	3009000	3024000	ESE00019
LCP05531_contig4	3926000	3938000	ESE00019
LCP05531_contig4	5107000	5148000	ESE00019
LCP05531_contig4	5269000	5323000	ESE00019
LCP05531_contig4	5952000	5966000	ESE00019
LCP05531_contig4	6166000	6186000	ESE00019
LCP05531_contig4	6654000	6704878	ESE00019
LCP05531_contig5	1	19000	ESE00019
LCP05531_contig5	654000	716000	ESE00019
LCP05531_contig5	2210000	2321000	ESE00019
LCP05531_contig5	3005000	3044483	ESE00019
LCP05531_contig6	1	27000	ESE00019
LCP05531_contig6	186000	220000	ESE00019
LCP05531_contig6	944000	982444	ESE00019
LCP05531_contig8	1	56573	ESE00019
LCP06093_contig1	8000	226000	ESE00019
LCP06093_contig1	379000	460000	ESE00019
LCP06093_contig1	1241000	1278000	ESE00019
LCP06093_contig1	1631000	1664000	ESE00019
LCP06093_contig1	3333000	3396000	ESE00019
LCP06093_contig1	4745000	4776000	ESE00019
LCP06093_contig1	6612000	6630334	ESE00019
LCP06093_contig10	1116000	1170000	ESE00019
LCP06093_contig11	1	64000	ESE00019
LCP06093_contig11	1025000	1039708	ESE00019
LCP06093_contig14	1	19000	ESE00019
LCP06093_contig14	441000	457884	ESE00019
LCP06093_contig15	304000	314026	ESE00019
LCP06093_contig16	1	108000	ESE00019
LCP06093_contig17	1	15000	ESE00019
LCP06093_contig2	4312000	4330000	ESE00019
LCP06093_contig2	4840000	4952000	ESE00019
LCP06093_contig2	6042000	6053000	ESE00019
LCP06093_contig2	6158000	6186157	ESE00019
LCP06093_contig3	1	40000	ESE00019
LCP06093_contig3	685000	752000	ESE00019
LCP06093_contig3	1816000	1827000	ESE00019
LCP06093_contig4	1041000	1094000	ESE00019
LCP06093_contig4	2154000	2237000	ESE00019
LCP06093_contig4	3121000	3637881	ESE00019
LCP06093_contig5	99000	111000	ESE00019
LCP06093_contig5	838000	852000	ESE00019
LCP06093_contig6	2385000	2403610	ESE00019
LCP06093_contig7	620000	690000	ESE00019
LCP06093_contig7	1527000	1586661	ESE00019
LCP06093_contig8	1549000	1584929	ESE00019
LCP06093_contig9	1	42000	ESE00019
ESE00019_contig1	479000	492000	ESE00090
ESE00019_contig1	2521000	2541000	ESE00090
ESE00019_contig1	5332000	5503000	ESE00090
ESE00019_contig1	7106000	7214000	ESE00090
ESE00019_contig1	7873000	8407000	ESE00090
ESE00019_contig10	1	190302	ESE00090
ESE00019_contig11	164000	178631	ESE00090
ESE00019_contig12	1	137319	ESE00090
ESE00019_contig13	1	108157	ESE00090
ESE00019_contig14	1	66388	ESE00090
ESE00019_contig15	1	78405	ESE00090
ESE00019_contig2	1	51000	ESE00090
ESE00019_contig2	2826000	2928000	ESE00090
ESE00019_contig2	2962000	3046000	ESE00090
ESE00019_contig2	3358000	3392000	ESE00090
ESE00019_contig2	3416000	3429000	ESE00090
ESE00019_contig2	3634000	3666000	ESE00090
ESE00019_contig2	4033000	4113000	ESE00090
ESE00019_contig2	4303000	4396000	ESE00090
ESE00019_contig2	4881000	4931000	ESE00090
ESE00019_contig2	5961000	6087000	ESE00090
ESE00019_contig2	6642000	6659000	ESE00090
ESE00019_contig2	7082000	7106000	ESE00090
ESE00019_contig2	7563000	7590000	ESE00090
ESE00019_contig2	7858000	7876000	ESE00090
ESE00019_contig2	7902000	7931000	ESE00090
ESE00019_contig2	8075000	8089929	ESE00090
ESE00019_contig3	44000	324000	ESE00090
ESE00019_contig3	580000	599000	ESE00090
ESE00019_contig3	1126000	1144000	ESE00090
ESE00019_contig3	1295000	1643000	ESE00090
ESE00019_contig3	1711000	1722000	ESE00090
ESE00019_contig3	3215000	3280000	ESE00090
ESE00019_contig3	3962000	3981000	ESE00090
ESE00019_contig3	4173000	4262000	ESE00090
ESE00019_contig3	5092000	5198000	ESE00090
ESE00019_contig3	5448000	5560710	ESE00090
ESE00019_contig4	1	41000	ESE00090
ESE00019_contig4	925000	1112000	ESE00090
ESE00019_contig4	1183000	1228000	ESE00090
ESE00019_contig4	2095000	2125000	ESE00090
ESE00019_contig4	2448000	2543000	ESE00090
ESE00019_contig4	2790000	3115000	ESE00090
ESE00019_contig4	3283000	3296000	ESE00090
ESE00019_contig4	3743000	3787968	ESE00090
ESE00019_contig5	1	59000	ESE00090
ESE00019_contig5	478000	613000	ESE00090
ESE00019_contig5	814000	847000	ESE00090
ESE00019_contig5	1773000	1843000	ESE00090
ESE00019_contig5	2065000	2077000	ESE00090
ESE00019_contig5	2464000	2490000	ESE00090
ESE00019_contig5	2645000	2682000	ESE00090
ESE00019_contig5	2745000	2770000	ESE00090
ESE00019_contig5	2961000	2972000	ESE00090
ESE00019_contig5	3188000	3225000	ESE00090
ESE00019_contig6	1	666000	ESE00090
ESE00019_contig6	1247000	1409000	ESE00090
ESE00019_contig6	2096000	2136000	ESE00090
ESE00019_contig6	2393000	2509000	ESE00090
ESE00019_contig6	3166000	3237000	ESE00090
ESE00019_contig6	3336000	3379000	ESE00090
ESE00019_contig7	1	624000	ESE00090
ESE00019_contig8	1	149000	ESE00090
ESE00019_contig8	621000	725000	ESE00090
ESE00019_contig9	42000	771560	ESE00090
ESE00418_contig1	1	38366	ESE00090
ESE00418_contig10	1	80493	ESE00090
ESE00418_contig11	1	40000	ESE00090
ESE00418_contig11	940000	965000	ESE00090
ESE00418_contig11	1280000	1362000	ESE00090
ESE00418_contig11	1553000	1643000	ESE00090
ESE00418_contig11	2122000	2172000	ESE00090
ESE00418_contig11	2586000	2634919	ESE00090
ESE00418_contig12	1	24078	ESE00090
ESE00418_contig13	1	35086	ESE00090
ESE00418_contig14	1	116000	ESE00090
ESE00418_contig15	1	123000	ESE00090
ESE00418_contig15	1801000	1885711	ESE00090
ESE00418_contig16	1	178000	ESE00090
ESE00418_contig16	407000	419000	ESE00090
ESE00418_contig16	977000	1146000	ESE00090
ESE00418_contig16	1240000	1932000	ESE00090
ESE00418_contig16	1994000	2786000	ESE00090
ESE00418_contig16	3263000	3377000	ESE00090
ESE00418_contig16	4151000	4163000	ESE00090
ESE00418_contig16	4981000	5006000	ESE00090
ESE00418_contig16	5678000	5697000	ESE00090
ESE00418_contig16	5885000	5898000	ESE00090
ESE00418_contig16	6053000	6240539	ESE00090
ESE00418_contig17	1	67102	ESE00090
ESE00418_contig19	1	46000	ESE00090
ESE00418_contig19	593000	617000	ESE00090
ESE00418_contig19	656000	732000	ESE00090
ESE00418_contig19	1301000	1324882	ESE00090
ESE00418_contig2	1	77081	ESE00090
ESE00418_contig20	1	25000	ESE00090
ESE00418_contig20	777000	792000	ESE00090
ESE00418_contig20	2241000	2392000	ESE00090
ESE00418_contig20	2495000	2814233	ESE00090
ESE00418_contig21	1	20000	ESE00090
ESE00418_contig21	419000	555000	ESE00090
ESE00418_contig21	714000	732000	ESE00090
ESE00418_contig21	1276000	1314000	ESE00090
ESE00418_contig21	1567000	1630511	ESE00090
ESE00418_contig22	1	64938	ESE00090
ESE00418_contig23	1	81809	ESE00090
ESE00418_contig24	1	102991	ESE00090
ESE00418_contig25	1	35172	ESE00090
ESE00418_contig26	1	43841	ESE00090
ESE00418_contig27	1	33717	ESE00090
ESE00418_contig28	1	60504	ESE00090
ESE00418_contig29	1	271476	ESE00090
ESE00418_contig3	1	30000	ESE00090
ESE00418_contig3	494000	669000	ESE00090
ESE00418_contig3	1365000	1699000	ESE00090
ESE00418_contig3	1916000	2017000	ESE00090
ESE00418_contig3	3160000	3271000	ESE00090
ESE00418_contig3	3359000	3382129	ESE00090
ESE00418_contig30	1	25545	ESE00090
ESE00418_contig31	1	35008	ESE00090
ESE00418_contig32	1	35690	ESE00090
ESE00418_contig33	46000	61000	ESE00090
ESE00418_contig33	843000	959000	ESE00090
ESE00418_contig33	1079000	1107626	ESE00090
ESE00418_contig34	1	21000	ESE00090
ESE00418_contig34	152000	178000	ESE00090
ESE00418_contig34	388000	425000	ESE00090
ESE00418_contig34	670000	688000	ESE00090
ESE00418_contig34	2532000	2671000	ESE00090
ESE00418_contig34	3952000	4003000	ESE00090
ESE00418_contig34	4028000	4041000	ESE00090
ESE00418_contig34	5123000	5254000	ESE00090
ESE00418_contig34	6846000	6960000	ESE00090
ESE00418_contig34	7630000	7683000	ESE00090
ESE00418_contig34	8368000	8381000	ESE00090
ESE00418_contig34	8405000	8440000	ESE00090
ESE00418_contig34	8745000	9166162	ESE00090
ESE00418_contig35	1	211160	ESE00090
ESE00418_contig36	1	463000	ESE00090
ESE00418_contig36	1506000	1541000	ESE00090
ESE00418_contig36	1574000	1876513	ESE00090
ESE00418_contig37	1	191958	ESE00090
ESE00418_contig38	1	21000	ESE00090
ESE00418_contig38	1158000	1344000	ESE00090
ESE00418_contig38	1771000	1801272	ESE00090
ESE00418_contig39	1	146000	ESE00090
ESE00418_contig39	503000	554000	ESE00090
ESE00418_contig39	2382000	2401000	ESE00090
ESE00418_contig39	2575000	2588000	ESE00090
ESE00418_contig39	2991000	3004000	ESE00090
ESE00418_contig39	3076000	3109684	ESE00090
ESE00418_contig4	1	56528	ESE00090
ESE00418_contig5	1	103000	ESE00090
ESE00418_contig5	698000	752250	ESE00090
ESE00418_contig6	1	31914	ESE00090
ESE00418_contig7	1	51532	ESE00090
ESE00418_contig8	1	48499	ESE00090
ESE00418_contig9	1	18000	ESE00090
ESE01543_contig1	1	21000	ESE00090
ESE01543_contig1	137000	162000	ESE00090
ESE01543_contig1	373000	409000	ESE00090
ESE01543_contig1	658000	672000	ESE00090
ESE01543_contig1	1149000	1160000	ESE00090
ESE01543_contig1	1907000	1957000	ESE00090
ESE01543_contig1	2436000	2520000	ESE00090
ESE01543_contig1	2711000	2790000	ESE00090
ESE01543_contig1	3097000	3121000	ESE00090
ESE01543_contig1	3984000	3997000	ESE00090
ESE01543_contig1	4036000	4061833	ESE00090
ESE01543_contig10	1	20846	ESE00090
ESE01543_contig12	1	119000	ESE00090
ESE01543_contig12	957000	1005000	ESE00090
ESE01543_contig12	2889000	2963319	ESE00090
ESE01543_contig13	1	58357	ESE00090
ESE01543_contig15	1	29000	ESE00090
ESE01543_contig15	2995000	3102000	ESE00090
ESE01543_contig15	3658000	3673000	ESE00090
ESE01543_contig15	4133000	4146000	ESE00090
ESE01543_contig15	4170000	4205000	ESE00090
ESE01543_contig15	4505000	4664322	ESE00090
ESE01543_contig16	1	621000	ESE00090
ESE01543_contig16	703000	734582	ESE00090
ESE01543_contig17	1	24000	ESE00090
ESE01543_contig17	629000	653000	ESE00090
ESE01543_contig17	1245000	1289000	ESE00090
ESE01543_contig17	2321000	2714000	ESE00090
ESE01543_contig17	2808000	2846000	ESE00090
ESE01543_contig17	3405000	3417000	ESE00090
ESE01543_contig17	3639000	3806000	ESE00090
ESE01543_contig17	4586000	4679000	ESE00090
ESE01543_contig17	5700000	5719000	ESE00090
ESE01543_contig17	6408000	6432000	ESE00090
ESE01543_contig17	7246000	7258000	ESE00090
ESE01543_contig17	8042000	8373000	ESE00090
ESE01543_contig17	8852000	8948000	ESE00090
ESE01543_contig17	9208000	9229000	ESE00090
ESE01543_contig17	9767000	9786000	ESE00090
ESE01543_contig17	9944000	10091000	ESE00090
ESE01543_contig17	10499000	10524811	ESE00090
ESE01543_contig19	1	19981	ESE00090
ESE01543_contig20	1	39686	ESE00090
ESE01543_contig21	1	44868	ESE00090
ESE01543_contig22	32000	81000	ESE00090
ESE01543_contig22	846000	981000	ESE00090
ESE01543_contig22	1222000	1234000	ESE00090
ESE01543_contig22	1259000	1310000	ESE00090
ESE01543_contig22	2575000	2741506	ESE00090
ESE01543_contig23	1	472769	ESE00090
ESE01543_contig25	1	113503	ESE00090
ESE01543_contig26	1	148634	ESE00090
ESE01543_contig27	1	33000	ESE00090
ESE01543_contig27	106000	118000	ESE00090
ESE01543_contig27	145000	235000	ESE00090
ESE01543_contig27	613000	626000	ESE00090
ESE01543_contig27	800000	819000	ESE00090
ESE01543_contig27	2695000	2721000	ESE00090
ESE01543_contig27	2979000	3002000	ESE00090
ESE01543_contig27	4199000	4230591	ESE00090
ESE01543_contig3	1	36000	ESE00090
ESE01543_contig3	367000	713231	ESE00090
ESE01543_contig4	1	52929	ESE00090
ESE01543_contig6	1	22000	ESE00090
ESE01543_contig6	510000	536000	ESE00090
ESE01543_contig6	1614000	1646611	ESE00090
ESE01543_contig7	1	182933	ESE00090
ESE01543_contig8	1	41027	ESE00090
ESE01543_contig9	28000	452000	ESE00090
ESE01543_contig9	1632000	1862000	ESE00090
ESE01543_contig9	1899000	1914000	ESE00090
ESE01543_contig9	2075000	2406000	ESE00090
ESE01543_contig9	3103000	3280000	ESE00090
ESE01543_contig9	3745000	3780181	ESE00090
LCP05531_contig1	1	24000	ESE00090
LCP05531_contig1	485000	498000	ESE00090
LCP05531_contig1	672000	691000	ESE00090
LCP05531_contig1	918000	929000	ESE00090
LCP05531_contig1	2555000	2581000	ESE00090
LCP05531_contig1	6254000	6320000	ESE00090
LCP05531_contig1	6678000	6697000	ESE00090
LCP05531_contig1	7368000	7399000	ESE00090
LCP05531_contig1	7435000	7464000	ESE00090
LCP05531_contig1	8196000	8905000	ESE00090
LCP05531_contig1	9695000	10105000	ESE00090
LCP05531_contig1	10581000	10681000	ESE00090
LCP05531_contig1	10929000	11038000	ESE00090
LCP05531_contig1	11405000	11628000	ESE00090
LCP05531_contig1	11796000	11900000	ESE00090
LCP05531_contig1	12203000	13088505	ESE00090
LCP05531_contig2	1	34000	ESE00090
LCP05531_contig2	116000	258000	ESE00090
LCP05531_contig2	1577000	2221000	ESE00090
LCP05531_contig2	2296000	2823000	ESE00090
LCP05531_contig2	2848000	2860000	ESE00090
LCP05531_contig2	3545000	3605000	ESE00090
LCP05531_contig2	4267000	4368000	ESE00090
LCP05531_contig2	5708000	5814000	ESE00090
LCP05531_contig2	6187000	6559000	ESE00090
LCP05531_contig2	6766000	6803000	ESE00090
LCP05531_contig2	7014000	7045000	ESE00090
LCP05531_contig2	7184000	7206156	ESE00090
LCP05531_contig3	1	30000	ESE00090
LCP05531_contig3	627000	651000	ESE00090
LCP05531_contig3	1174000	1187000	ESE00090
LCP05531_contig3	1247000	1332000	ESE00090
LCP05531_contig3	2388000	2715000	ESE00090
LCP05531_contig3	2943000	2955000	ESE00090
LCP05531_contig3	3507000	3536000	ESE00090
LCP05531_contig3	4047000	4097000	ESE00090
LCP05531_contig3	4126000	4139000	ESE00090
LCP05531_contig3	4607000	4618000	ESE00090
LCP05531_contig3	5357000	5407000	ESE00090
LCP05531_contig3	5680000	5727000	ESE00090
LCP05531_contig3	5752000	5764000	ESE00090
LCP05531_contig3	6005000	6140000	ESE00090
LCP05531_contig3	6902000	6945000	ESE00090
LCP05531_contig4	1	72000	ESE00090
LCP05531_contig4	2585000	2748000	ESE00090
LCP05531_contig4	2955000	3178000	ESE00090
LCP05531_contig4	3500000	3605000	ESE00090
LCP05531_contig4	4060000	4230000	ESE00090
LCP05531_contig4	5124000	5339000	ESE00090
LCP05531_contig4	5864000	5966000	ESE00090
LCP05531_contig4	6076000	6186000	ESE00090
LCP05531_contig4	6681000	6704878	ESE00090
LCP05531_contig5	1	38000	ESE00090
LCP05531_contig5	355000	435000	ESE00090
LCP05531_contig5	474000	485000	ESE00090
LCP05531_contig5	631000	730000	ESE00090
LCP05531_contig5	2210000	2327000	ESE00090
LCP05531_contig5	2490000	2616000	ESE00090
LCP05531_contig5	3019000	3044483	ESE00090
LCP05531_contig6	1	42000	ESE00090
LCP05531_contig6	939000	982444	ESE00090
LCP05531_contig8	1	56573	ESE00090
LCP06093_contig1	1	460000	ESE00090
LCP06093_contig1	754000	788000	ESE00090
LCP06093_contig1	813000	825000	ESE00090
LCP06093_contig1	1035000	1072000	ESE00090
LCP06093_contig1	1241000	1282000	ESE00090
LCP06093_contig1	1554000	1664000	ESE00090
LCP06093_contig1	2054000	2074000	ESE00090
LCP06093_contig1	3333000	3396000	ESE00090
LCP06093_contig1	4908000	4968000	ESE00090
LCP06093_contig1	6563000	6630334	ESE00090
LCP06093_contig10	1100000	1196970	ESE00090
LCP06093_contig11	1	309000	ESE00090
LCP06093_contig11	1025000	1039708	ESE00090
LCP06093_contig12	3000	15000	ESE00090
LCP06093_contig12	671000	743000	ESE00090
LCP06093_contig12	840000	883000	ESE00090
LCP06093_contig14	414000	457884	ESE00090
LCP06093_contig15	1	20000	ESE00090
LCP06093_contig15	303000	314026	ESE00090
LCP06093_contig16	1	211304	ESE00090
LCP06093_contig17	1	15000	ESE00090
LCP06093_contig17	173000	207793	ESE00090
LCP06093_contig19	1	44503	ESE00090
LCP06093_contig2	1	27000	ESE00090
LCP06093_contig2	706000	725000	ESE00090
LCP06093_contig2	906000	982000	ESE00090
LCP06093_contig2	1168000	1179000	ESE00090
LCP06093_contig2	1798000	1903000	ESE00090
LCP06093_contig2	2551000	2611000	ESE00090
LCP06093_contig2	2634000	2720000	ESE00090
LCP06093_contig2	2921000	2954000	ESE00090
LCP06093_contig2	3729000	3743000	ESE00090
LCP06093_contig2	3969000	4009000	ESE00090
LCP06093_contig2	4312000	4330000	ESE00090
LCP06093_contig2	4542000	4602000	ESE00090
LCP06093_contig2	4759000	4788000	ESE00090
LCP06093_contig2	4854000	4961000	ESE00090
LCP06093_contig2	5523000	5540000	ESE00090
LCP06093_contig2	6155000	6186157	ESE00090
LCP06093_contig3	1	45000	ESE00090
LCP06093_contig3	671000	832000	ESE00090
LCP06093_contig3	1459000	1561000	ESE00090
LCP06093_contig3	1816000	1827000	ESE00090
LCP06093_contig3	4356000	4407340	ESE00090
LCP06093_contig4	724000	735000	ESE00090
LCP06093_contig4	807000	1169000	ESE00090
LCP06093_contig4	1319000	1337000	ESE00090
LCP06093_contig4	1868000	1887000	ESE00090
LCP06093_contig4	2143000	2344000	ESE00090
LCP06093_contig4	2821000	3637881	ESE00090
LCP06093_contig5	1	48000	ESE00090
LCP06093_contig5	608000	947000	ESE00090
LCP06093_contig5	1187000	1287000	ESE00090
LCP06093_contig5	1614000	1639000	ESE00090
LCP06093_contig5	2512000	2555000	ESE00090
LCP06093_contig5	2626000	2774498	ESE00090
LCP06093_contig6	341000	378000	ESE00090
LCP06093_contig6	1067000	1078000	ESE00090
LCP06093_contig6	1836000	1885000	ESE00090
LCP06093_contig6	2372000	2403610	ESE00090
LCP06093_contig7	452000	492000	ESE00090
LCP06093_contig7	620000	690000	ESE00090
LCP06093_contig7	1527000	1586661	ESE00090
LCP06093_contig8	1	19000	ESE00090
LCP06093_contig8	162000	200000	ESE00090
LCP06093_contig8	932000	957000	ESE00090
LCP06093_contig8	1253000	1335000	ESE00090
LCP06093_contig8	1525000	1584929	ESE00090
LCP06093_contig9	1	42000	ESE00090
LCP06093_contig9	720000	737000	ESE00090
ESE00019_contig1	2521000	2541000	ESE00418
ESE00019_contig1	3301000	3348000	ESE00418
ESE00019_contig1	7110000	7137000	ESE00418
ESE00019_contig1	7914000	8404000	ESE00418
ESE00019_contig10	130000	190302	ESE00418
ESE00019_contig11	50000	97000	ESE00418
ESE00019_contig11	143000	178631	ESE00418
ESE00019_contig12	1	62000	ESE00418
ESE00019_contig14	1	66388	ESE00418
ESE00019_contig15	1	12000	ESE00418
ESE00019_contig15	47000	78405	ESE00418
ESE00019_contig2	2962000	3009000	ESE00418
ESE00019_contig2	3634000	3666000	ESE00418
ESE00019_contig2	4333000	4383000	ESE00418
ESE00019_contig2	5238000	5298000	ESE00418
ESE00019_contig2	5961000	6087000	ESE00418
ESE00019_contig2	7563000	7590000	ESE00418
ESE00019_contig2	7858000	7876000	ESE00418
ESE00019_contig2	7902000	7931000	ESE00418
ESE00019_contig3	1396000	1571000	ESE00418
ESE00019_contig3	1711000	1722000	ESE00418
ESE00019_contig3	4174000	4256000	ESE00418
ESE00019_contig3	4427000	4500000	ESE00418
ESE00019_contig3	5092000	5139000	ESE00418
ESE00019_contig4	959000	972000	ESE00418
ESE00019_contig4	1183000	1226000	ESE00418
ESE00019_contig4	2094000	2125000	ESE00418
ESE00019_contig4	2600000	2620000	ESE00418
ESE00019_contig4	2966000	2982000	ESE00418
ESE00019_contig4	3283000	3296000	ESE00418
ESE00019_contig4	3743000	3787968	ESE00418
ESE00019_contig5	1	20000	ESE00418
ESE00019_contig5	478000	490000	ESE00418
ESE00019_contig5	2659000	2682000	ESE00418
ESE00019_contig5	2745000	2770000	ESE00418
ESE00019_contig5	2961000	2972000	ESE00418
ESE00019_contig6	1	122000	ESE00418
ESE00019_contig6	209000	285000	ESE00418
ESE00019_contig6	364000	413000	ESE00418
ESE00019_contig6	448000	666000	ESE00418
ESE00019_contig6	1328000	1409000	ESE00418
ESE00019_contig6	3166000	3237000	ESE00418
ESE00019_contig6	3339000	3353000	ESE00418
ESE00019_contig7	1	608000	ESE00418
ESE00019_contig8	1	70000	ESE00418
ESE00019_contig8	624000	711000	ESE00418
ESE00019_contig9	5000	95000	ESE00418
ESE00019_contig9	133000	158000	ESE00418
ESE00019_contig9	242000	263000	ESE00418
ESE00019_contig9	627000	771560	ESE00418
ESE00090_contig1	1	11000	ESE00418
ESE00090_contig1	445000	675000	ESE00418
ESE00090_contig1	1191000	1264000	ESE00418
ESE00090_contig1	1493000	1585000	ESE00418
ESE00090_contig1	1958000	1980000	ESE00418
ESE00090_contig1	2114000	2316000	ESE00418
ESE00090_contig1	2445000	2468000	ESE00418
ESE00090_contig1	2825000	2836000	ESE00418
ESE00090_contig1	2878000	3064000	ESE00418
ESE00090_contig1	3939000	3967000	ESE00418
ESE00090_contig1	4755000	4893000	ESE00418
ESE00090_contig1	5490000	5560000	ESE00418
ESE00090_contig1	5621000	5633000	ESE00418
ESE00090_contig1	6070000	6124000	ESE00418
ESE00090_contig1	6653000	6682000	ESE00418
ESE00090_contig1	6724000	6743000	ESE00418
ESE00090_contig1	6773000	6788000	ESE00418
ESE00090_contig1	7593000	7607000	ESE00418
ESE00090_contig1	7664000	7684000	ESE00418
ESE00090_contig1	7942000	7955000	ESE00418
ESE00090_contig1	8273000	8341000	ESE00418
ESE00090_contig1	8720000	8741000	ESE00418
ESE00090_contig1	9596000	9609000	ESE00418
ESE00090_contig1	9691000	9769000	ESE00418
ESE00090_contig1	9917000	9935000	ESE00418
ESE00090_contig1	10002000	10052000	ESE00418
ESE00090_contig1	10376000	10487839	ESE00418
ESE00090_contig10	1	11988	ESE00418
ESE00090_contig11	1	10794	ESE00418
ESE00090_contig12	1	71047	ESE00418
ESE00090_contig2	1	11000	ESE00418
ESE00090_contig2	276000	298000	ESE00418
ESE00090_contig2	370000	410000	ESE00418
ESE00090_contig2	1473000	1496000	ESE00418
ESE00090_contig2	1535000	1600000	ESE00418
ESE00090_contig2	1891000	1991000	ESE00418
ESE00090_contig2	2183000	2321000	ESE00418
ESE00090_contig2	3183000	3204000	ESE00418
ESE00090_contig2	4480000	4496000	ESE00418
ESE00090_contig2	4925000	4958000	ESE00418
ESE00090_contig2	5288000	5339000	ESE00418
ESE00090_contig2	7765000	7776000	ESE00418
ESE00090_contig2	8692000	8718000	ESE00418
ESE00090_contig2	8868000	8993000	ESE00418
ESE00090_contig2	9361000	9382000	ESE00418
ESE00090_contig3	1	176000	ESE00418
ESE00090_contig3	529000	540000	ESE00418
ESE00090_contig3	948000	1081000	ESE00418
ESE00090_contig3	1257000	1286000	ESE00418
ESE00090_contig3	1494000	1508000	ESE00418
ESE00090_contig3	2042000	2070000	ESE00418
ESE00090_contig3	2673000	2827000	ESE00418
ESE00090_contig3	3674000	3713000	ESE00418
ESE00090_contig3	5612000	5722496	ESE00418
ESE00090_contig4	182000	249000	ESE00418
ESE00090_contig4	1839000	1850000	ESE00418
ESE00090_contig4	2091000	2228000	ESE00418
ESE00090_contig4	2921000	3078000	ESE00418
ESE00090_contig4	3236000	3257000	ESE00418
ESE00090_contig4	3305000	3412000	ESE00418
ESE00090_contig4	4042000	4056000	ESE00418
ESE00090_contig4	4639000	4679686	ESE00418
ESE00090_contig5	1	17000	ESE00418
ESE00090_contig5	316000	329000	ESE00418
ESE00090_contig5	1976000	2105000	ESE00418
ESE00090_contig5	2285000	2511000	ESE00418
ESE00090_contig5	2586000	2670000	ESE00418
ESE00090_contig5	2912000	2948000	ESE00418
ESE00090_contig5	2969000	2982000	ESE00418
ESE00090_contig5	3368000	3379000	ESE00418
ESE00090_contig5	3713000	3734000	ESE00418
ESE00090_contig6	1	21000	ESE00418
ESE00090_contig6	67000	114000	ESE00418
ESE01543_contig1	1	21000	ESE00418
ESE01543_contig1	1536000	1597000	ESE00418
ESE01543_contig1	2467000	2485000	ESE00418
ESE01543_contig1	3984000	3997000	ESE00418
ESE01543_contig10	1	20846	ESE00418
ESE01543_contig12	1	117000	ESE00418
ESE01543_contig12	957000	1005000	ESE00418
ESE01543_contig15	1	60000	ESE00418
ESE01543_contig15	3000000	3034000	ESE00418
ESE01543_contig15	3662000	3673000	ESE00418
ESE01543_contig15	4551000	4563000	ESE00418
ESE01543_contig15	4629000	4664322	ESE00418
ESE01543_contig16	1	41000	ESE00418
ESE01543_contig16	240000	263000	ESE00418
ESE01543_contig16	704000	715000	ESE00418
ESE01543_contig17	2378000	2444000	ESE00418
ESE01543_contig17	2534000	2691000	ESE00418
ESE01543_contig17	3683000	3791000	ESE00418
ESE01543_contig17	5279000	5350000	ESE00418
ESE01543_contig17	8150000	8365000	ESE00418
ESE01543_contig17	10494000	10505000	ESE00418
ESE01543_contig18	1	36000	ESE00418
ESE01543_contig22	58000	78000	ESE00418
ESE01543_contig22	2630000	2741506	ESE00418
ESE01543_contig23	1	472769	ESE00418
ESE01543_contig25	1	99000	ESE00418
ESE01543_contig26	1	28000	ESE00418
ESE01543_contig26	118000	148634	ESE00418
ESE01543_contig27	145000	235000	ESE00418
ESE01543_contig27	2695000	2721000	ESE00418
ESE01543_contig27	2979000	3002000	ESE00418
ESE01543_contig27	4181000	4230591	ESE00418
ESE01543_contig3	1	30000	ESE00418
ESE01543_contig3	418000	713231	ESE00418
ESE01543_contig4	1	21000	ESE00418
ESE01543_contig6	510000	536000	ESE00418
ESE01543_contig6	1632000	1646611	ESE00418
ESE01543_contig9	1	81000	ESE00418
ESE01543_contig9	118000	146000	ESE00418
ESE01543_contig9	2077000	2119000	ESE00418
ESE01543_contig9	2270000	2281000	ESE00418
ESE01543_contig9	3760000	3780181	ESE00418
LCP05531_contig1	918000	929000	ESE00418
LCP05531_contig1	2555000	2581000	ESE00418
LCP05531_contig1	4020000	4070000	ESE00418
LCP05531_contig1	7435000	7464000	ESE00418
LCP05531_contig1	8197000	8891000	ESE00418
LCP05531_contig1	9796000	10102000	ESE00418
LCP05531_contig1	10929000	11002000	ESE00418
LCP05531_contig1	11578000	11628000	ESE00418
LCP05531_contig1	11807000	11897000	ESE00418
LCP05531_contig1	12412000	12500000	ESE00418
LCP05531_contig1	12530000	12848000	ESE00418
LCP05531_contig1	12939000	13088505	ESE00418
LCP05531_contig2	20000	33000	ESE00418
LCP05531_contig2	119000	255000	ESE00418
LCP05531_contig2	1596000	1666000	ESE00418
LCP05531_contig2	1879000	1959000	ESE00418
LCP05531_contig2	2102000	2130000	ESE00418
LCP05531_contig2	2167000	2257000	ESE00418
LCP05531_contig2	2480000	2502000	ESE00418
LCP05531_contig2	4335000	4363000	ESE00418
LCP05531_contig2	5708000	5755000	ESE00418
LCP05531_contig2	6187000	6312000	ESE00418
LCP05531_contig2	6420000	6559000	ESE00418
LCP05531_contig3	1264000	1325000	ESE00418
LCP05531_contig3	2445000	2471000	ESE00418
LCP05531_contig3	2496000	2540000	ESE00418
LCP05531_contig3	2613000	2664000	ESE00418
LCP05531_contig3	4047000	4097000	ESE00418
LCP05531_contig3	4991000	5052000	ESE00418
LCP05531_contig3	6906000	6919000	ESE00418
LCP05531_contig4	5239000	5260000	ESE00418
LCP05531_contig4	5863000	5966000	ESE00418
LCP05531_contig4	6076000	6186000	ESE00418
LCP05531_contig5	1	19000	ESE00418
LCP05531_contig5	676000	690000	ESE00418
LCP05531_contig5	2210000	2321000	ESE00418
LCP05531_contig6	944000	982444	ESE00418
LCP05531_contig8	1	56573	ESE00418
LCP06093_contig1	8000	90000	ESE00418
LCP06093_contig1	150000	460000	ESE00418
LCP06093_contig1	1035000	1072000	ESE00418
LCP06093_contig1	1241000	1278000	ESE00418
LCP06093_contig1	1631000	1664000	ESE00418
LCP06093_contig1	2054000	2074000	ESE00418
LCP06093_contig1	2842000	2892000	ESE00418
LCP06093_contig1	3333000	3396000	ESE00418
LCP06093_contig1	6567000	6630334	ESE00418
LCP06093_contig10	1180000	1196970	ESE00418
LCP06093_contig11	1	124000	ESE00418
LCP06093_contig11	1025000	1039708	ESE00418
LCP06093_contig12	671000	743000	ESE00418
LCP06093_contig12	843000	857000	ESE00418
LCP06093_contig14	429000	457884	ESE00418
LCP06093_contig15	1	14000	ESE00418
LCP06093_contig15	304000	314026	ESE00418
LCP06093_contig16	1	105000	ESE00418
LCP06093_contig16	197000	211304	ESE00418
LCP06093_contig17	1	15000	ESE00418
LCP06093_contig2	907000	982000	ESE00418
LCP06093_contig2	1132000	1203000	ESE00418
LCP06093_contig2	1798000	1844000	ESE00418
LCP06093_contig2	2600000	2611000	ESE00418
LCP06093_contig2	4312000	4330000	ESE00418
LCP06093_contig2	4759000	4774000	ESE00418
LCP06093_contig2	4854000	4961000	ESE00418
LCP06093_contig2	6042000	6053000	ESE00418
LCP06093_contig2	6158000	6186157	ESE00418
LCP06093_contig3	1	45000	ESE00418
LCP06093_contig3	671000	752000	ESE00418
LCP06093_contig3	1816000	1827000	ESE00418
LCP06093_contig4	724000	735000	ESE00418
LCP06093_contig4	879000	1094000	ESE00418
LCP06093_contig4	2152000	2167000	ESE00418
LCP06093_contig4	2217000	2342000	ESE00418
LCP06093_contig4	3121000	3637881	ESE00418
LCP06093_contig5	1	48000	ESE00418
LCP06093_contig5	741000	758000	ESE00418
LCP06093_contig5	1115000	1135000	ESE00418
LCP06093_contig5	1614000	1639000	ESE00418
LCP06093_contig5	2515000	2555000	ESE00418
LCP06093_contig5	2761000	2774498	ESE00418
LCP06093_contig6	1461000	1521000	ESE00418
LCP06093_contig7	620000	690000	ESE00418
LCP06093_contig7	1527000	1586661	ESE00418
LCP06093_contig8	165000	200000	ESE00418
LCP06093_contig8	1570000	1584929	ESE00418
LCP06093_contig9	1	42000	ESE00418
ESE00019_contig1	2521000	2541000	ESE01543
ESE00019_contig1	5329000	5507000	ESE01543
ESE00019_contig1	7914000	8404000	ESE01543
ESE00019_contig10	119000	190302	ESE01543
ESE00019_contig11	1	19000	ESE01543
ESE00019_contig11	50000	61000	ESE01543
ESE00019_contig11	143000	178631	ESE01543
ESE00019_contig12	1	49000	ESE01543
ESE00019_contig14	1	66388	ESE01543
ESE00019_contig15	1	78405	ESE01543
ESE00019_contig2	1956000	1992000	ESE01543
ESE00019_contig2	2829000	2879000	ESE01543
ESE00019_contig2	2962000	3009000	ESE01543
ESE00019_contig2	3634000	3666000	ESE01543
ESE00019_contig2	3845000	3856000	ESE01543
ESE00019_contig2	4316000	4383000	ESE01543
ESE00019_contig2	5961000	6087000	ESE01543
ESE00019_contig2	7563000	7590000	ESE01543
ESE00019_contig2	7858000	7876000	ESE01543
ESE00019_contig2	7902000	7931000	ESE01543
ESE00019_contig3	50000	98000	ESE01543
ESE00019_contig3	1463000	1575000	ESE01543
ESE00019_contig3	1711000	1722000	ESE01543
ESE00019_contig3	4174000	4256000	ESE01543
ESE00019_contig3	5092000	5139000	ESE01543
ESE00019_contig3	5484000	5502000	ESE01543
ESE00019_contig4	959000	972000	ESE01543
ESE00019_contig4	1183000	1225000	ESE01543
ESE00019_contig4	2097000	2114000	ESE01543
ESE00019_contig4	2600000	2620000	ESE01543
ESE00019_contig4	2785000	2828000	ESE01543
ESE00019_contig4	3283000	3296000	ESE01543
ESE00019_contig4	3743000	3787968	ESE01543
ESE00019_contig5	1	20000	ESE01543
ESE00019_contig5	478000	490000	ESE01543
ESE00019_contig5	2669000	2682000	ESE01543
ESE00019_contig5	2745000	2770000	ESE01543
ESE00019_contig5	2961000	2972000	ESE01543
ESE00019_contig5	3544000	3573528	ESE01543
ESE00019_contig6	116000	234000	ESE01543
ESE00019_contig6	364000	413000	ESE01543
ESE00019_contig6	1247000	1409000	ESE01543
ESE00019_contig6	3166000	3237000	ESE01543
ESE00019_contig7	1	624000	ESE01543
ESE00019_contig8	1	70000	ESE01543
ESE00019_contig9	158000	272000	ESE01543
ESE00019_contig9	629000	771560	ESE01543
ESE00090_contig1	1	11000	ESE01543
ESE00090_contig1	445000	675000	ESE01543
ESE00090_contig1	1191000	1264000	ESE01543
ESE00090_contig1	1493000	1585000	ESE01543
ESE00090_contig1	1958000	1980000	ESE01543
ESE00090_contig1	2114000	2316000	ESE01543
ESE00090_contig1	2445000	2468000	ESE01543
ESE00090_contig1	2825000	2836000	ESE01543
ESE00090_contig1	2878000	3064000	ESE01543
ESE00090_contig1	3939000	3967000	ESE01543
ESE00090_contig1	4755000	4893000	ESE01543
ESE00090_contig1	5621000	5633000	ESE01543
ESE00090_contig1	6070000	6124000	ESE01543
ESE00090_contig1	6653000	6682000	ESE01543
ESE00090_contig1	6724000	6743000	ESE01543
ESE00090_contig1	6773000	6788000	ESE01543
ESE00090_contig1	7593000	7607000	ESE01543
ESE00090_contig1	7664000	7684000	ESE01543
ESE00090_contig1	7942000	7955000	ESE01543
ESE00090_contig1	8273000	8341000	ESE01543
ESE00090_contig1	8720000	8741000	ESE01543
ESE00090_contig1	9596000	9609000	ESE01543
ESE00090_contig1	9691000	9769000	ESE01543
ESE00090_contig1	9917000	9935000	ESE01543
ESE00090_contig1	10002000	10052000	ESE01543
ESE00090_contig1	10380000	10487839	ESE01543
ESE00090_contig10	1	11988	ESE01543
ESE00090_contig11	1	10794	ESE01543
ESE00090_contig12	1	71047	ESE01543
ESE00090_contig2	1	32000	ESE01543
ESE00090_contig2	276000	298000	ESE01543
ESE00090_contig2	370000	410000	ESE01543
ESE00090_contig2	1473000	1496000	ESE01543
ESE00090_contig2	1891000	1991000	ESE01543
ESE00090_contig2	2183000	2321000	ESE01543
ESE00090_contig2	3183000	3204000	ESE01543
ESE00090_contig2	3928000	3939000	ESE01543
ESE00090_contig2	4480000	4496000	ESE01543
ESE00090_contig2	4925000	4958000	ESE01543
ESE00090_contig2	6772000	6796000	ESE01543
ESE00090_contig2	7765000	7776000	ESE01543
ESE00090_contig2	8692000	8718000	ESE01543
ESE00090_contig2	8868000	8993000	ESE01543
ESE00090_contig2	9361000	9382000	ESE01543
ESE00090_contig3	1	176000	ESE01543
ESE00090_contig3	529000	540000	ESE01543
ESE00090_contig3	948000	1081000	ESE01543
ESE00090_contig3	1257000	1286000	ESE01543
ESE00090_contig3	1494000	1508000	ESE01543
ESE00090_contig3	2042000	2070000	ESE01543
ESE00090_contig3	2673000	2827000	ESE01543
ESE00090_contig3	3651000	3725000	ESE01543
ESE00090_contig3	5612000	5722496	ESE01543
ESE00090_contig4	182000	249000	ESE01543
ESE00090_contig4	1839000	1850000	ESE01543
ESE00090_contig4	2091000	2228000	ESE01543
ESE00090_contig4	2921000	3082000	ESE01543
ESE00090_contig4	3236000	3257000	ESE01543
ESE00090_contig4	3305000	3412000	ESE01543
ESE00090_contig4	4042000	4056000	ESE01543
ESE00090_contig4	4639000	4679686	ESE01543
ESE00090_contig5	1	17000	ESE01543
ESE00090_contig5	316000	329000	ESE01543
ESE00090_contig5	1976000	2105000	ESE01543
ESE00090_contig5	2285000	2511000	ESE01543
ESE00090_contig5	2586000	2670000	ESE01543
ESE00090_contig5	2771000	2782000	ESE01543
ESE00090_contig5	2912000	2948000	ESE01543
ESE00090_contig5	2969000	2982000	ESE01543
ESE00090_contig5	3368000	3379000	ESE01543
ESE00090_contig5	3713000	3734000	ESE01543
ESE00090_contig6	1	21000	ESE01543
ESE00090_contig6	103000	114000	ESE01543
ESE00090_contig6	146000	163314	ESE01543
ESE00418_contig10	1	80493	ESE01543
ESE00418_contig11	20000	35000	ESE01543
ESE00418_contig11	2586000	2634919	ESE01543
ESE00418_contig12	1	24078	ESE01543
ESE00418_contig13	1	35086	ESE01543
ESE00418_contig14	30000	43000	ESE01543
ESE00418_contig14	97000	116000	ESE01543
ESE00418_contig15	1	123000	ESE01543
ESE00418_contig16	1	39000	ESE01543
ESE00418_contig16	1011000	1143000	ESE01543
ESE00418_contig16	1264000	1379000	ESE01543
ESE00418_contig16	1670000	1693000	ESE01543
ESE00418_contig16	1878000	1926000	ESE01543
ESE00418_contig16	1994000	2735000	ESE01543
ESE00418_contig16	6053000	6240539	ESE01543
ESE00418_contig18	1	13000	ESE01543
ESE00418_contig19	1	46000	ESE01543
ESE00418_contig19	656000	732000	ESE01543
ESE00418_contig2	1	77081	ESE01543
ESE00418_contig20	1	25000	ESE01543
ESE00418_contig20	445000	469000	ESE01543
ESE00418_contig20	777000	792000	ESE01543
ESE00418_contig20	2241000	2282000	ESE01543
ESE00418_contig20	2510000	2528000	ESE01543
ESE00418_contig20	2760000	2814233	ESE01543
ESE00418_contig21	1283000	1304000	ESE01543
ESE00418_contig21	1606000	1630511	ESE01543
ESE00418_contig22	1	64938	ESE01543
ESE00418_contig23	1	81809	ESE01543
ESE00418_contig24	1	53000	ESE01543
ESE00418_contig25	1	35172	ESE01543
ESE00418_contig26	1	20000	ESE01543
ESE00418_contig28	1	60504	ESE01543
ESE00418_contig29	1	271476	ESE01543
ESE00418_contig3	1	15000	ESE01543
ESE00418_contig3	1448000	1460000	ESE01543
ESE00418_contig3	1667000	1704000	ESE01543
ESE00418_contig3	3162000	3269000	ESE01543
ESE00418_contig30	1	25545	ESE01543
ESE00418_contig32	1	35690	ESE01543
ESE00418_contig33	1079000	1107626	ESE01543
ESE00418_contig34	1	41000	ESE01543
ESE00418_contig34	1663000	1699000	ESE01543
ESE00418_contig34	2535000	2622000	ESE01543
ESE00418_contig34	5121000	5258000	ESE01543
ESE00418_contig34	6850000	6878000	ESE01543
ESE00418_contig34	8964000	9166162	ESE01543
ESE00418_contig35	1	72000	ESE01543
ESE00418_contig36	1	406000	ESE01543
ESE00418_contig36	1574000	1876513	ESE01543
ESE00418_contig37	1	191958	ESE01543
ESE00418_contig38	1158000	1344000	ESE01543
ESE00418_contig38	1790000	1801272	ESE01543
ESE00418_contig39	1	57000	ESE01543
ESE00418_contig39	503000	554000	ESE01543
ESE00418_contig4	1	56528	ESE01543
ESE00418_contig5	1	103000	ESE01543
ESE00418_contig5	698000	752250	ESE01543
ESE00418_contig7	1	14000	ESE01543
ESE00418_contig8	1	48499	ESE01543
ESE00418_contig9	1	18000	ESE01543
LCP05531_contig1	918000	929000	ESE01543
LCP05531_contig1	6254000	6327000	ESE01543
LCP05531_contig1	7435000	7464000	ESE01543
LCP05531_contig1	8197000	8891000	ESE01543
LCP05531_contig1	9792000	9909000	ESE01543
LCP05531_contig1	10929000	11031000	ESE01543
LCP05531_contig1	11578000	11628000	ESE01543
LCP05531_contig1	11807000	11897000	ESE01543
LCP05531_contig1	12412000	12500000	ESE01543
LCP05531_contig1	12594000	12606000	ESE01543
LCP05531_contig1	12824000	12958000	ESE01543
LCP05531_contig1	13067000	13088505	ESE01543
LCP05531_contig2	709000	745000	ESE01543
LCP05531_contig2	1580000	1666000	ESE01543
LCP05531_contig2	1879000	1959000	ESE01543
LCP05531_contig2	5708000	5755000	ESE01543
LCP05531_contig2	6187000	6559000	ESE01543
LCP05531_contig2	7156000	7206156	ESE01543
LCP05531_contig3	1174000	1187000	ESE01543
LCP05531_contig3	1264000	1323000	ESE01543
LCP05531_contig3	2445000	2540000	ESE01543
LCP05531_contig3	2655000	2671000	ESE01543
LCP05531_contig3	4047000	4097000	ESE01543
LCP05531_contig4	2950000	2983000	ESE01543
LCP05531_contig4	5124000	5339000	ESE01543
LCP05531_contig4	5866000	5966000	ESE01543
LCP05531_contig4	6081000	6166000	ESE01543
LCP05531_contig5	1	19000	ESE01543
LCP05531_contig5	167000	178000	ESE01543
LCP05531_contig5	2210000	2321000	ESE01543
LCP05531_contig6	20000	37000	ESE01543
LCP05531_contig6	944000	982444	ESE01543
LCP05531_contig8	1	56573	ESE01543
LCP06093_contig1	8000	90000	ESE01543
LCP06093_contig1	150000	231000	ESE01543
LCP06093_contig1	379000	460000	ESE01543
LCP06093_contig1	1035000	1072000	ESE01543
LCP06093_contig1	1241000	1264000	ESE01543
LCP06093_contig1	1554000	1664000	ESE01543
LCP06093_contig1	2054000	2074000	ESE01543
LCP06093_contig1	3333000	3396000	ESE01543
LCP06093_contig1	4906000	4972000	ESE01543
LCP06093_contig1	6612000	6630334	ESE01543
LCP06093_contig10	1100000	1196970	ESE01543
LCP06093_contig11	1	135000	ESE01543
LCP06093_contig11	1025000	1039708	ESE01543
LCP06093_contig12	671000	743000	ESE01543
LCP06093_contig14	441000	457884	ESE01543
LCP06093_contig15	1	14000	ESE01543
LCP06093_contig15	304000	314026	ESE01543
LCP06093_contig16	1	211304	ESE01543
LCP06093_contig17	1	15000	ESE01543
LCP06093_contig19	1	44503	ESE01543
LCP06093_contig2	907000	982000	ESE01543
LCP06093_contig2	1798000	1844000	ESE01543
LCP06093_contig2	2600000	2611000	ESE01543
LCP06093_contig2	4312000	4330000	ESE01543
LCP06093_contig2	4854000	4961000	ESE01543
LCP06093_contig2	6158000	6186157	ESE01543
LCP06093_contig3	1	45000	ESE01543
LCP06093_contig3	671000	832000	ESE01543
LCP06093_contig3	1508000	1558000	ESE01543
LCP06093_contig3	1816000	1827000	ESE01543
LCP06093_contig3	2413000	2449000	ESE01543
LCP06093_contig4	724000	735000	ESE01543
LCP06093_contig4	875000	982000	ESE01543
LCP06093_contig4	1038000	1094000	ESE01543
LCP06093_contig4	2152000	2237000	ESE01543
LCP06093_contig4	3121000	3637881	ESE01543
LCP06093_contig5	1	48000	ESE01543
LCP06093_contig5	910000	952000	ESE01543
LCP06093_contig5	1115000	1135000	ESE01543
LCP06093_contig5	1625000	1637000	ESE01543
LCP06093_contig5	2516000	2555000	ESE01543
LCP06093_contig5	2761000	2774498	ESE01543
LCP06093_contig6	1	20000	ESE01543
LCP06093_contig7	620000	690000	ESE01543
LCP06093_contig7	1527000	1586661	ESE01543
LCP06093_contig8	1	14000	ESE01543
LCP06093_contig8	165000	200000	ESE01543
LCP06093_contig8	1574000	1584929	ESE01543
LCP06093_contig9	1	42000	ESE01543
ESE00019_contig1	2521000	2541000	LCP05531
ESE00019_contig1	5329000	5507000	LCP05531
ESE00019_contig1	7914000	8404000	LCP05531
ESE00019_contig10	123000	190302	LCP05531
ESE00019_contig11	1	61000	LCP05531
ESE00019_contig11	127000	178631	LCP05531
ESE00019_contig12	1	137319	LCP05531
ESE00019_contig14	1	66388	LCP05531
ESE00019_contig15	1	78405	LCP05531
ESE00019_contig2	2845000	2938000	LCP05531
ESE00019_contig2	2962000	3009000	LCP05531
ESE00019_contig2	3361000	3372000	LCP05531
ESE00019_contig2	3634000	3666000	LCP05531
ESE00019_contig2	4333000	4383000	LCP05531
ESE00019_contig2	5961000	6087000	LCP05531
ESE00019_contig2	7563000	7590000	LCP05531
ESE00019_contig2	7858000	7876000	LCP05531
ESE00019_contig2	7902000	7931000	LCP05531
ESE00019_contig3	1	98000	LCP05531
ESE00019_contig3	1711000	1722000	LCP05531
ESE00019_contig3	3179000	3207000	LCP05531
ESE00019_contig3	4427000	4500000	LCP05531
ESE00019_contig3	5484000	5502000	LCP05531
ESE00019_contig4	959000	972000	LCP05531
ESE00019_contig4	1183000	1226000	LCP05531
ESE00019_contig4	2097000	2114000	LCP05531
ESE00019_contig4	2600000	2620000	LCP05531
ESE00019_contig4	2812000	2858000	LCP05531
ESE00019_contig4	3664000	3678000	LCP05531
ESE00019_contig4	3743000	3787968	LCP05531
ESE00019_contig5	1	59000	LCP05531
ESE00019_contig5	2654000	2682000	LCP05531
ESE00019_contig5	2745000	2770000	LCP05531
ESE00019_contig5	2961000	2972000	LCP05531
ESE00019_contig6	1	13000	LCP05531
ESE00019_contig6	364000	413000	LCP05531
ESE00019_contig6	1247000	1409000	LCP05531
ESE00019_contig6	3166000	3237000	LCP05531
ESE00019_contig7	1	608000	LCP05531
ESE00019_contig8	1	70000	LCP05531
ESE00019_contig9	715000	771560	LCP05531
ESE00090_contig1	1	11000	LCP05531
ESE00090_contig1	445000	675000	LCP05531
ESE00090_contig1	1191000	1264000	LCP05531
ESE00090_contig1	1493000	1585000	LCP05531
ESE00090_contig1	1958000	1980000	LCP05531
ESE00090_contig1	2114000	2316000	LCP05531
ESE00090_contig1	2445000	2468000	LCP05531
ESE00090_contig1	2825000	2836000	LCP05531
ESE00090_contig1	2878000	3064000	LCP05531
ESE00090_contig1	3939000	3967000	LCP05531
ESE00090_contig1	4755000	4893000	LCP05531
ESE00090_contig1	5490000	5560000	LCP05531
ESE00090_contig1	5621000	5633000	LCP05531
ESE00090_contig1	6070000	6124000	LCP05531
ESE00090_contig1	6653000	6682000	LCP05531
ESE00090_contig1	6724000	6793000	LCP05531
ESE00090_contig1	7593000	7607000	LCP05531
ESE00090_contig1	7664000	7684000	LCP05531
ESE00090_contig1	7942000	7955000	LCP05531
ESE00090_contig1	8273000	8341000	LCP05531
ESE00090_contig1	8720000	8741000	LCP05531
ESE00090_contig1	9596000	9609000	LCP05531
ESE00090_contig1	9691000	9769000	LCP05531
ESE00090_contig1	9917000	9935000	LCP05531
ESE00090_contig1	10002000	10052000	LCP05531
ESE00090_contig1	10380000	10487839	LCP05531
ESE00090_contig10	1	11988	LCP05531
ESE00090_contig11	1	10794	LCP05531
ESE00090_contig12	1	71047	LCP05531
ESE00090_contig2	276000	298000	LCP05531
ESE00090_contig2	370000	410000	LCP05531
ESE00090_contig2	1471000	1499000	LCP05531
ESE00090_contig2	1891000	1991000	LCP05531
ESE00090_contig2	2183000	2321000	LCP05531
ESE00090_contig2	3183000	3204000	LCP05531
ESE00090_contig2	3928000	3939000	LCP05531
ESE00090_contig2	4480000	4496000	LCP05531
ESE00090_contig2	4925000	4958000	LCP05531
ESE00090_contig2	6772000	6796000	LCP05531
ESE00090_contig2	7765000	7776000	LCP05531
ESE00090_contig2	8435000	8451000	LCP05531
ESE00090_contig2	8692000	8718000	LCP05531
ESE00090_contig2	8868000	8993000	LCP05531
ESE00090_contig2	9361000	9382000	LCP05531
ESE00090_contig3	1	176000	LCP05531
ESE00090_contig3	529000	540000	LCP05531
ESE00090_contig3	948000	1081000	LCP05531
ESE00090_contig3	1257000	1286000	LCP05531
ESE00090_contig3	1494000	1508000	LCP05531
ESE00090_contig3	2042000	2070000	LCP05531
ESE00090_contig3	2662000	2827000	LCP05531
ESE00090_contig3	3674000	3713000	LCP05531
ESE00090_contig3	5612000	5722496	LCP05531
ESE00090_contig4	182000	249000	LCP05531
ESE00090_contig4	1839000	1850000	LCP05531
ESE00090_contig4	2091000	2228000	LCP05531
ESE00090_contig4	2378000	2389000	LCP05531
ESE00090_contig4	2921000	3078000	LCP05531
ESE00090_contig4	3236000	3257000	LCP05531
ESE00090_contig4	3305000	3412000	LCP05531
ESE00090_contig4	4042000	4056000	LCP05531
ESE00090_contig4	4639000	4679686	LCP05531
ESE00090_contig5	1	17000	LCP05531
ESE00090_contig5	316000	329000	LCP05531
ESE00090_contig5	1976000	2105000	LCP05531
ESE00090_contig5	2285000	2511000	LCP05531
ESE00090_contig5	2586000	2670000	LCP05531
ESE00090_contig5	2912000	2948000	LCP05531
ESE00090_contig5	2969000	2982000	LCP05531
ESE00090_contig5	3368000	3379000	LCP05531
ESE00090_contig5	3713000	3734000	LCP05531
ESE00090_contig6	1	37000	LCP05531
ESE00090_contig6	103000	163314	LCP05531
ESE00418_contig10	1	80493	LCP05531
ESE00418_contig11	2586000	2634919	LCP05531
ESE00418_contig12	1	24078	LCP05531
ESE00418_contig13	1	35086	LCP05531
ESE00418_contig14	30000	55000	LCP05531
ESE00418_contig14	97000	116000	LCP05531
ESE00418_contig15	1	123000	LCP05531
ESE00418_contig16	1	39000	LCP05531
ESE00418_contig16	1005000	1145000	LCP05531
ESE00418_contig16	1243000	1379000	LCP05531
ESE00418_contig16	1670000	1693000	LCP05531
ESE00418_contig16	1878000	2735000	LCP05531
ESE00418_contig16	4901000	4969000	LCP05531
ESE00418_contig16	6070000	6082000	LCP05531
ESE00418_contig16	6166000	6240539	LCP05531
ESE00418_contig18	1	47869	LCP05531
ESE00418_contig19	1	46000	LCP05531
ESE00418_contig19	656000	732000	LCP05531
ESE00418_contig2	1	77081	LCP05531
ESE00418_contig20	1	25000	LCP05531
ESE00418_contig20	445000	469000	LCP05531
ESE00418_contig20	777000	792000	LCP05531
ESE00418_contig20	2241000	2282000	LCP05531
ESE00418_contig20	2495000	2533000	LCP05531
ESE00418_contig20	2760000	2814233	LCP05531
ESE00418_contig21	1606000	1630511	LCP05531
ESE00418_contig22	1	64938	LCP05531
ESE00418_contig23	1	81809	LCP05531
ESE00418_contig24	1	53000	LCP05531
ESE00418_contig24	74000	85000	LCP05531
ESE00418_contig25	1	35172	LCP05531
ESE00418_contig26	1	20000	LCP05531
ESE00418_contig27	1	33717	LCP05531
ESE00418_contig28	1	60504	LCP05531
ESE00418_contig29	1	271476	LCP05531
ESE00418_contig3	1	30000	LCP05531
ESE00418_contig3	811000	825000	LCP05531
ESE00418_contig3	1448000	1460000	LCP05531
ESE00418_contig3	1631000	1677000	LCP05531
ESE00418_contig3	3162000	3269000	LCP05531
ESE00418_contig30	1	25545	LCP05531
ESE00418_contig32	1	35690	LCP05531
ESE00418_contig33	1079000	1107626	LCP05531
ESE00418_contig34	2551000	2682000	LCP05531
ESE00418_contig34	5121000	5258000	LCP05531
ESE00418_contig34	6850000	6878000	LCP05531
ESE00418_contig34	8425000	8437000	LCP05531
ESE00418_contig34	8959000	8980000	LCP05531
ESE00418_contig34	9070000	9166162	LCP05531
ESE00418_contig35	1	72000	LCP05531
ESE00418_contig35	144000	211160	LCP05531
ESE00418_contig36	1	372000	LCP05531
ESE00418_contig36	1574000	1876513	LCP05531
ESE00418_contig37	1	191958	LCP05531
ESE00418_contig38	1771000	1801272	LCP05531
ESE00418_contig39	1	102000	LCP05531
ESE00418_contig39	503000	554000	LCP05531
ESE00418_contig39	2135000	2155000	LCP05531
ESE00418_contig39	2991000	3004000	LCP05531
ESE00418_contig39	3072000	3090000	LCP05531
ESE00418_contig4	1	56528	LCP05531
ESE00418_contig5	1	25000	LCP05531
ESE00418_contig5	698000	752250	LCP05531
ESE00418_contig7	1	14000	LCP05531
ESE00418_contig8	1	48499	LCP05531
ESE00418_contig9	1	18000	LCP05531
ESE01543_contig1	1	21000	LCP05531
ESE01543_contig1	3984000	3997000	LCP05531
ESE01543_contig10	1	20846	LCP05531
ESE01543_contig12	1	117000	LCP05531
ESE01543_contig12	957000	1005000	LCP05531
ESE01543_contig13	1	43000	LCP05531
ESE01543_contig14	1	16000	LCP05531
ESE01543_contig15	1	29000	LCP05531
ESE01543_contig15	3662000	3673000	LCP05531
ESE01543_contig15	4190000	4202000	LCP05531
ESE01543_contig15	4551000	4563000	LCP05531
ESE01543_contig15	4629000	4664322	LCP05531
ESE01543_contig16	1	41000	LCP05531
ESE01543_contig17	1268000	1280000	LCP05531
ESE01543_contig17	2378000	2401000	LCP05531
ESE01543_contig17	2528000	2711000	LCP05531
ESE01543_contig17	3683000	3806000	LCP05531
ESE01543_contig17	4635000	4679000	LCP05531
ESE01543_contig17	5279000	5350000	LCP05531
ESE01543_contig17	6444000	6514000	LCP05531
ESE01543_contig17	8144000	8173000	LCP05531
ESE01543_contig2	1	31725	LCP05531
ESE01543_contig20	1	39686	LCP05531
ESE01543_contig22	2565000	2741506	LCP05531
ESE01543_contig23	1	67000	LCP05531
ESE01543_contig23	176000	266000	LCP05531
ESE01543_contig23	354000	367000	LCP05531
ESE01543_contig26	1	28000	LCP05531
ESE01543_contig26	113000	148634	LCP05531
ESE01543_contig27	20000	38000	LCP05531
ESE01543_contig27	106000	118000	LCP05531
ESE01543_contig27	145000	235000	LCP05531
ESE01543_contig27	1046000	1057000	LCP05531
ESE01543_contig27	2979000	3002000	LCP05531
ESE01543_contig27	4199000	4230591	LCP05531
ESE01543_contig3	1	30000	LCP05531
ESE01543_contig3	418000	579000	LCP05531
ESE01543_contig4	1	52929	LCP05531
ESE01543_contig6	1614000	1646611	LCP05531
ESE01543_contig9	2077000	2143000	LCP05531
ESE01543_contig9	2946000	2960000	LCP05531
ESE01543_contig9	3745000	3780181	LCP05531
LCP06093_contig1	150000	231000	LCP05531
LCP06093_contig1	379000	460000	LCP05531
LCP06093_contig1	757000	769000	LCP05531
LCP06093_contig1	1035000	1072000	LCP05531
LCP06093_contig1	1241000	1278000	LCP05531
LCP06093_contig1	1554000	1664000	LCP05531
LCP06093_contig1	2054000	2074000	LCP05531
LCP06093_contig1	3333000	3396000	LCP05531
LCP06093_contig1	4906000	4972000	LCP05531
LCP06093_contig1	6612000	6630334	LCP05531
LCP06093_contig11	1	131000	LCP05531
LCP06093_contig11	1025000	1039708	LCP05531
LCP06093_contig12	671000	743000	LCP05531
LCP06093_contig14	441000	457884	LCP05531
LCP06093_contig15	1	14000	LCP05531
LCP06093_contig15	304000	314026	LCP05531
LCP06093_contig16	1	80000	LCP05531
LCP06093_contig17	1	15000	LCP05531
LCP06093_contig19	1	44503	LCP05531
LCP06093_contig2	1132000	1203000	LCP05531
LCP06093_contig2	4312000	4330000	LCP05531
LCP06093_contig2	4759000	4779000	LCP05531
LCP06093_contig2	4854000	4961000	LCP05531
LCP06093_contig2	6157000	6186157	LCP05531
LCP06093_contig3	1	45000	LCP05531
LCP06093_contig3	671000	832000	LCP05531
LCP06093_contig3	1449000	1542000	LCP05531
LCP06093_contig3	1816000	1827000	LCP05531
LCP06093_contig4	724000	735000	LCP05531
LCP06093_contig4	1038000	1094000	LCP05531
LCP06093_contig4	2152000	2237000	LCP05531
LCP06093_contig4	3215000	3637881	LCP05531
LCP06093_contig5	1	48000	LCP05531
LCP06093_contig5	119000	133000	LCP05531
LCP06093_contig5	879000	926000	LCP05531
LCP06093_contig5	1115000	1135000	LCP05531
LCP06093_contig5	1625000	1637000	LCP05531
LCP06093_contig5	2515000	2555000	LCP05531
LCP06093_contig5	2761000	2774498	LCP05531
LCP06093_contig7	620000	690000	LCP05531
LCP06093_contig7	1527000	1586661	LCP05531
LCP06093_contig8	165000	200000	LCP05531
LCP06093_contig8	1574000	1584929	LCP05531
LCP06093_contig9	1	42000	LCP05531
ESE00019_contig1	3785000	3847000	LCP06093
ESE00019_contig1	5448000	5488000	LCP06093
ESE00019_contig1	7155000	7220000	LCP06093
ESE00019_contig1	7886000	8404000	LCP06093
ESE00019_contig11	1	97000	LCP06093
ESE00019_contig11	127000	178631	LCP06093
ESE00019_contig12	1	137319	LCP06093
ESE00019_contig14	1	66388	LCP06093
ESE00019_contig15	1	11000	LCP06093
ESE00019_contig15	47000	78405	LCP06093
ESE00019_contig2	2968000	3062000	LCP06093
ESE00019_contig2	4008000	4039000	LCP06093
ESE00019_contig2	4333000	4384000	LCP06093
ESE00019_contig2	5966000	6078000	LCP06093
ESE00019_contig2	7563000	7590000	LCP06093
ESE00019_contig3	1	313000	LCP06093
ESE00019_contig3	1368000	1402000	LCP06093
ESE00019_contig3	3179000	3256000	LCP06093
ESE00019_contig3	4060000	4072000	LCP06093
ESE00019_contig3	4249000	4279000	LCP06093
ESE00019_contig3	5484000	5502000	LCP06093
ESE00019_contig4	3293000	3355000	LCP06093
ESE00019_contig5	1	59000	LCP06093
ESE00019_contig5	1068000	1085000	LCP06093
ESE00019_contig5	2745000	2765000	LCP06093
ESE00019_contig6	1	127000	LCP06093
ESE00019_contig6	224000	413000	LCP06093
ESE00019_contig6	434000	501000	LCP06093
ESE00019_contig6	1328000	1395000	LCP06093
ESE00019_contig6	1919000	1946000	LCP06093
ESE00019_contig6	2109000	2142000	LCP06093
ESE00019_contig6	2394000	2494000	LCP06093
ESE00019_contig7	1	608000	LCP06093
ESE00019_contig8	1	70000	LCP06093
ESE00019_contig9	5000	253000	LCP06093
ESE00019_contig9	498000	771560	LCP06093
ESE00090_contig1	1	11000	LCP06093
ESE00090_contig1	445000	675000	LCP06093
ESE00090_contig1	1191000	1264000	LCP06093
ESE00090_contig1	1493000	1585000	LCP06093
ESE00090_contig1	1657000	1731000	LCP06093
ESE00090_contig1	1958000	1980000	LCP06093
ESE00090_contig1	2110000	2316000	LCP06093
ESE00090_contig1	2445000	2468000	LCP06093
ESE00090_contig1	2825000	2836000	LCP06093
ESE00090_contig1	2878000	3064000	LCP06093
ESE00090_contig1	3610000	3627000	LCP06093
ESE00090_contig1	3939000	3967000	LCP06093
ESE00090_contig1	4755000	4893000	LCP06093
ESE00090_contig1	5621000	5633000	LCP06093
ESE00090_contig1	5717000	5733000	LCP06093
ESE00090_contig1	6070000	6124000	LCP06093
ESE00090_contig1	6653000	6793000	LCP06093
ESE00090_contig1	7664000	7684000	LCP06093
ESE00090_contig1	7942000	7955000	LCP06093
ESE00090_contig1	8273000	8341000	LCP06093
ESE00090_contig1	8720000	8741000	LCP06093
ESE00090_contig1	9596000	9609000	LCP06093
ESE00090_contig1	9691000	9769000	LCP06093
ESE00090_contig1	9917000	9935000	LCP06093
ESE00090_contig1	10002000	10052000	LCP06093
ESE00090_contig1	10380000	10487839	LCP06093
ESE00090_contig10	1	11988	LCP06093
ESE00090_contig11	1	10794	LCP06093
ESE00090_contig12	1	71047	LCP06093
ESE00090_contig2	276000	298000	LCP06093
ESE00090_contig2	370000	410000	LCP06093
ESE00090_contig2	642000	655000	LCP06093
ESE00090_contig2	1473000	1496000	LCP06093
ESE00090_contig2	1891000	1991000	LCP06093
ESE00090_contig2	2182000	2321000	LCP06093
ESE00090_contig2	3183000	3204000	LCP06093
ESE00090_contig2	4480000	4496000	LCP06093
ESE00090_contig2	4925000	4958000	LCP06093
ESE00090_contig2	5764000	5826000	LCP06093
ESE00090_contig2	6772000	6796000	LCP06093
ESE00090_contig2	7765000	7776000	LCP06093
ESE00090_contig2	8692000	8718000	LCP06093
ESE00090_contig2	8868000	8993000	LCP06093
ESE00090_contig2	9361000	9382000	LCP06093
ESE00090_contig3	1	176000	LCP06093
ESE00090_contig3	267000	288000	LCP06093
ESE00090_contig3	529000	540000	LCP06093
ESE00090_contig3	941000	1081000	LCP06093
ESE00090_contig3	1257000	1286000	LCP06093
ESE00090_contig3	1494000	1526000	LCP06093
ESE00090_contig3	1647000	1659000	LCP06093
ESE00090_contig3	2042000	2070000	LCP06093
ESE00090_contig3	2673000	2827000	LCP06093
ESE00090_contig3	3674000	3713000	LCP06093
ESE00090_contig3	5612000	5722496	LCP06093
ESE00090_contig4	1	29000	LCP06093
ESE00090_contig4	182000	249000	LCP06093
ESE00090_contig4	1189000	1207000	LCP06093
ESE00090_contig4	1839000	1850000	LCP06093
ESE00090_contig4	2091000	2228000	LCP06093
ESE00090_contig4	2693000	2753000	LCP06093
ESE00090_contig4	2921000	3078000	LCP06093
ESE00090_contig4	3240000	3251000	LCP06093
ESE00090_contig4	3305000	3412000	LCP06093
ESE00090_contig4	4042000	4056000	LCP06093
ESE00090_contig4	4557000	4679686	LCP06093
ESE00090_contig5	1	33000	LCP06093
ESE00090_contig5	316000	329000	LCP06093
ESE00090_contig5	560000	594000	LCP06093
ESE00090_contig5	1976000	2105000	LCP06093
ESE00090_contig5	2285000	2537000	LCP06093
ESE00090_contig5	2586000	2670000	LCP06093
ESE00090_contig5	2912000	2948000	LCP06093
ESE00090_contig5	2969000	2982000	LCP06093
ESE00090_contig5	3368000	3379000	LCP06093
ESE00090_contig5	3690000	3745000	LCP06093
ESE00090_contig6	1	37000	LCP06093
ESE00090_contig6	67000	163314	LCP06093
ESE00418_contig1	1	38366	LCP06093
ESE00418_contig10	1	80493	LCP06093
ESE00418_contig11	1	20000	LCP06093
ESE00418_contig11	179000	213000	LCP06093
ESE00418_contig11	1255000	1286000	LCP06093
ESE00418_contig11	2586000	2634919	LCP06093
ESE00418_contig12	1	24078	LCP06093
ESE00418_contig14	1	116000	LCP06093
ESE00418_contig15	1	123000	LCP06093
ESE00418_contig15	1858000	1885711	LCP06093
ESE00418_contig16	1	149000	LCP06093
ESE00418_contig16	735000	752000	LCP06093
ESE00418_contig16	1005000	1145000	LCP06093
ESE00418_contig16	1243000	1264000	LCP06093
ESE00418_contig16	1340000	2735000	LCP06093
ESE00418_contig16	3292000	3323000	LCP06093
ESE00418_contig16	4901000	4989000	LCP06093
ESE00418_contig16	5885000	5914000	LCP06093
ESE00418_contig16	6053000	6240539	LCP06093
ESE00418_contig18	1	47869	LCP06093
ESE00418_contig19	1	46000	LCP06093
ESE00418_contig19	656000	732000	LCP06093
ESE00418_contig19	1304000	1324882	LCP06093
ESE00418_contig2	1	77081	LCP06093
ESE00418_contig20	1	25000	LCP06093
ESE00418_contig20	445000	469000	LCP06093
ESE00418_contig20	777000	792000	LCP06093
ESE00418_contig20	1427000	1488000	LCP06093
ESE00418_contig20	2241000	2282000	LCP06093
ESE00418_contig20	2495000	2528000	LCP06093
ESE00418_contig20	2757000	2814233	LCP06093
ESE00418_contig21	1	20000	LCP06093
ESE00418_contig21	433000	475000	LCP06093
ESE00418_contig21	1283000	1304000	LCP06093
ESE00418_contig21	1606000	1630511	LCP06093
ESE00418_contig22	1	64938	LCP06093
ESE00418_contig23	1	81809	LCP06093
ESE00418_contig24	39000	53000	LCP06093
ESE00418_contig24	74000	102991	LCP06093
ESE00418_contig25	1	35172	LCP06093
ESE00418_contig26	1	20000	LCP06093
ESE00418_contig27	1	33717	LCP06093
ESE00418_contig28	1	60504	LCP06093
ESE00418_contig29	1	271476	LCP06093
ESE00418_contig3	1	30000	LCP06093
ESE00418_contig3	1129000	1196000	LCP06093
ESE00418_contig3	1448000	1460000	LCP06093
ESE00418_contig3	3162000	3382129	LCP06093
ESE00418_contig30	1	25545	LCP06093
ESE00418_contig31	1	35008	LCP06093
ESE00418_contig32	1	35690	LCP06093
ESE00418_contig33	177000	195000	LCP06093
ESE00418_contig33	858000	958000	LCP06093
ESE00418_contig33	1079000	1107626	LCP06093
ESE00418_contig34	1	21000	LCP06093
ESE00418_contig34	152000	178000	LCP06093
ESE00418_contig34	571000	585000	LCP06093
ESE00418_contig34	660000	691000	LCP06093
ESE00418_contig34	2563000	2602000	LCP06093
ESE00418_contig34	3666000	3677000	LCP06093
ESE00418_contig34	3946000	3996000	LCP06093
ESE00418_contig34	4028000	4041000	LCP06093
ESE00418_contig34	5174000	5253000	LCP06093
ESE00418_contig34	6850000	6966000	LCP06093
ESE00418_contig34	7657000	7680000	LCP06093
ESE00418_contig34	8127000	8163000	LCP06093
ESE00418_contig34	8729000	8899000	LCP06093
ESE00418_contig34	8959000	8980000	LCP06093
ESE00418_contig34	9070000	9166162	LCP06093
ESE00418_contig35	1	25000	LCP06093
ESE00418_contig35	60000	72000	LCP06093
ESE00418_contig35	144000	211160	LCP06093
ESE00418_contig36	1	432000	LCP06093
ESE00418_contig36	1359000	1433000	LCP06093
ESE00418_contig36	1654000	1876513	LCP06093
ESE00418_contig37	1	191958	LCP06093
ESE00418_contig38	1	47000	LCP06093
ESE00418_contig38	1237000	1361000	LCP06093
ESE00418_contig38	1771000	1801272	LCP06093
ESE00418_contig39	1	102000	LCP06093
ESE00418_contig39	503000	554000	LCP06093
ESE00418_contig39	2135000	2146000	LCP06093
ESE00418_contig39	2382000	2401000	LCP06093
ESE00418_contig39	2991000	3004000	LCP06093
ESE00418_contig39	3072000	3109684	LCP06093
ESE00418_contig4	1	56528	LCP06093
ESE00418_contig5	1	103000	LCP06093
ESE00418_contig5	698000	752250	LCP06093
ESE00418_contig6	1	31914	LCP06093
ESE00418_contig7	1	51532	LCP06093
ESE00418_contig8	1	48499	LCP06093
ESE00418_contig9	1	18000	LCP06093
ESE01543_contig1	1	21000	LCP06093
ESE01543_contig1	137000	162000	LCP06093
ESE01543_contig1	649000	674000	LCP06093
ESE01543_contig1	2463000	2480000	LCP06093
ESE01543_contig1	2784000	2815000	LCP06093
ESE01543_contig1	3847000	3881000	LCP06093
ESE01543_contig1	3984000	3997000	LCP06093
ESE01543_contig1	4041000	4061833	LCP06093
ESE01543_contig10	1	20846	LCP06093
ESE01543_contig12	1	117000	LCP06093
ESE01543_contig12	957000	1005000	LCP06093
ESE01543_contig12	2940000	2963319	LCP06093
ESE01543_contig13	1	43000	LCP06093
ESE01543_contig14	1	16000	LCP06093
ESE01543_contig15	1	29000	LCP06093
ESE01543_contig15	3052000	3111000	LCP06093
ESE01543_contig15	3658000	3673000	LCP06093
ESE01543_contig15	3892000	3928000	LCP06093
ESE01543_contig15	4489000	4664322	LCP06093
ESE01543_contig16	1	383000	LCP06093
ESE01543_contig16	619000	734582	LCP06093
ESE01543_contig17	1	21000	LCP06093
ESE01543_contig17	1362000	1436000	LCP06093
ESE01543_contig17	2352000	2711000	LCP06093
ESE01543_contig17	3071000	3088000	LCP06093
ESE01543_contig17	3668000	3806000	LCP06093
ESE01543_contig17	4635000	4679000	LCP06093
ESE01543_contig17	5488000	5511000	LCP06093
ESE01543_contig17	6425000	6514000	LCP06093
ESE01543_contig17	8098000	8173000	LCP06093
ESE01543_contig17	8236000	8269000	LCP06093
ESE01543_contig17	10028000	10070000	LCP06093
ESE01543_contig17	10505000	10524811	LCP06093
ESE01543_contig18	1	36000	LCP06093
ESE01543_contig2	1	31725	LCP06093
ESE01543_contig20	1	39686	LCP06093
ESE01543_contig21	1	44868	LCP06093
ESE01543_contig22	181000	199000	LCP06093
ESE01543_contig22	868000	960000	LCP06093
ESE01543_contig22	1222000	1234000	LCP06093
ESE01543_contig22	1266000	1316000	LCP06093
ESE01543_contig22	1452000	1463000	LCP06093
ESE01543_contig22	1585000	1596000	LCP06093
ESE01543_contig22	2630000	2741506	LCP06093
ESE01543_contig23	1	367000	LCP06093
ESE01543_contig25	52000	113503	LCP06093
ESE01543_contig26	1	55000	LCP06093
ESE01543_contig26	113000	148634	LCP06093
ESE01543_contig27	1	38000	LCP06093
ESE01543_contig27	106000	118000	LCP06093
ESE01543_contig27	145000	235000	LCP06093
ESE01543_contig27	800000	819000	LCP06093
ESE01543_contig27	2695000	2721000	LCP06093
ESE01543_contig27	2979000	3002000	LCP06093
ESE01543_contig27	3692000	3754000	LCP06093
ESE01543_contig27	4199000	4230591	LCP06093
ESE01543_contig3	1	16000	LCP06093
ESE01543_contig3	395000	713231	LCP06093
ESE01543_contig4	1	52929	LCP06093
ESE01543_contig6	1	48000	LCP06093
ESE01543_contig6	510000	536000	LCP06093
ESE01543_contig6	1175000	1193000	LCP06093
ESE01543_contig6	1614000	1646611	LCP06093
ESE01543_contig8	23000	41027	LCP06093
ESE01543_contig9	1	449000	LCP06093
ESE01543_contig9	1899000	1914000	LCP06093
ESE01543_contig9	2077000	2119000	LCP06093
ESE01543_contig9	2575000	2643000	LCP06093
ESE01543_contig9	3745000	3780181	LCP06093
LCP05531_contig1	1	24000	LCP06093
LCP05531_contig1	672000	691000	LCP06093
LCP05531_contig1	918000	929000	LCP06093
LCP05531_contig1	2555000	2581000	LCP06093
LCP05531_contig1	3528000	3589000	LCP06093
LCP05531_contig1	6254000	6320000	LCP06093
LCP05531_contig1	6465000	6489000	LCP06093
LCP05531_contig1	6588000	6599000	LCP06093
LCP05531_contig1	7392000	7455000	LCP06093
LCP05531_contig1	8199000	8891000	LCP06093
LCP05531_contig1	9749000	9780000	LCP06093
LCP05531_contig1	9971000	10004000	LCP06093
LCP05531_contig1	10929000	11031000	LCP06093
LCP05531_contig1	11588000	11628000	LCP06093
LCP05531_contig1	11807000	11897000	LCP06093
LCP05531_contig1	12187000	12352000	LCP06093
LCP05531_contig1	12521000	12606000	LCP06093
LCP05531_contig1	12737000	12839000	LCP06093
LCP05531_contig1	12964000	13088505	LCP06093
LCP05531_contig2	1	255000	LCP06093
LCP05531_contig2	1596000	1666000	LCP06093
LCP05531_contig2	1971000	2257000	LCP06093
LCP05531_contig2	2300000	2804000	LCP06093
LCP05531_contig2	3066000	3102000	LCP06093
LCP05531_contig2	3549000	3578000	LCP06093
LCP05531_contig2	4258000	4317000	LCP06093
LCP05531_contig2	6187000	6559000	LCP06093
LCP05531_contig2	7014000	7045000	LCP06093
LCP05531_contig2	7183000	7206156	LCP06093
LCP05531_contig3	1	20000	LCP06093
LCP05531_contig3	1174000	1187000	LCP06093
LCP05531_contig3	1264000	1323000	LCP06093
LCP05531_contig3	1405000	1480000	LCP06093
LCP05531_contig3	2420000	2687000	LCP06093
LCP05531_contig3	3270000	3287000	LCP06093
LCP05531_contig3	4047000	4141000	LCP06093
LCP05531_contig3	5673000	5720000	LCP06093
LCP05531_contig3	5752000	5764000	LCP06093
LCP05531_contig3	6025000	6118000	LCP06093
LCP05531_contig3	6788000	6805000	LCP06093
LCP05531_contig4	1	21000	LCP06093
LCP05531_contig4	2367000	2414000	LCP06093
LCP05531_contig4	3605000	3620000	LCP06093
LCP05531_contig4	5107000	5250000	LCP06093
LCP05531_contig4	5866000	5966000	LCP06093
LCP05531_contig4	6076000	6088000	LCP06093
LCP05531_contig4	6166000	6186000	LCP06093
LCP05531_contig4	6654000	6704878	LCP06093
LCP05531_contig5	1	19000	LCP06093
LCP05531_contig5	330000	361000	LCP06093
LCP05531_contig5	680000	695000	LCP06093
LCP05531_contig5	1219000	1231000	LCP06093
LCP05531_contig5	2210000	2321000	LCP06093
LCP05531_contig5	2566000	2603000	LCP06093
LCP05531_contig5	3024000	3044483	LCP06093
LCP05531_contig6	1	22000	LCP06093
LCP05531_contig6	186000	220000	LCP06093
LCP05531_contig6	944000	982444	LCP06093
LCP05531_contig8	1	56573	LCP06093
